id;Tbf;Taf;raw.decrease;norm.decrease;normEBS.decrease;het.decrease;maxfluo;well_pcr;sample;calib;pop;generation;ratio;plate_qpcr_id;competition;experiment_batch;setup;predicted_freq
plate1#A13;78.53;85.19;0;0;0;0;7.75893699597225;A13;G3-N01;NA;N01;3;NA;plate1;V5;DW;1;0.07148395609364
plate1#A14;77.2;84.07;1;1;1;0;7.15363824313072;A14;5-100%;calib;5-100%;NA;100%;plate1;V5;NA;NA;1.00001390472069
plate1#A5;78.9;85.57;0;0;0;0;6.8397156876524;A5;G6-N05;NA;N05;6;NA;plate1;V5;RA;5&6;0.07148395609364
plate1#B17;78.62;85.54;0.0915363685138638;0.00790467893139588;0.0365527242921673;0;6.86137494198825;B17;5-25%;calib;5-25%;NA;25%;plate1;V5;NA;NA;0.275514272225249
plate1#B19;78.38;85.51;0.123078345319196;0.0155836062381575;0.0594346977728925;0;6.58683530701429;B19;G6-Z02;NA;Z02;6;NA;plate1;V5;DW;2;0.382567865740791
plate1#B20;77.2;85.51;0.179502042849887;0.0359776278147269;0.108092266579838;0;6.9392680615747;B20;5-50%;calib;5-50%;NA;50%;plate1;V5;NA;NA;0.529724329332498
plate1#B24;80.46;85.69;0;0;0;0;6.13754428164334;B24;G6-N03;NA;N03;6;NA;plate1;V5;VFP;3;0.07148395609364
plate1#C11;80.06;85.22;0;0;0;0;6.98062078969271;C11;3;NA;3;0;NA;plate1;V5;VFP;3;0.07148395609364
plate1#C18;80.18;85.51;0;0;0;0;6.9736999995081;C18;G3-N01;NA;N01;3;NA;plate1;V5;DW;1;0.07148395609364
plate1#C21;79.02;85.66;0;0;0;0;6.99299249317732;C21;2;NA;2;0;NA;plate1;V5;DW;2;0.07148395609364
plate1#C23;78.88;85.66;0;0;0;0;6.81943483841068;C23;5-0%;calib;5-0%;NA;0%;plate1;V5;NA;NA;0.07148395609364
plate1#C3;80.12;85.45;0;0;0;0;7.72872254040322;C3;G1-N04;NA;N04;1;NA;plate1;V5;VFP;4;0.07148395609364
plate1#D1;77.64;85.51;0.089060073321395;0.0107743753442561;0.0347989708695249;0;8.07768224339718;D1;G1-N06;NA;N06;1;NA;plate1;V5;RA;5&6;0.266352005574337
plate1#D12;77.01;85.19;0.185461725598108;0.0462291211470342;0.10502043508458;0;6.2458906039249;D12;5-50%;calib;5-50%;NA;50%;plate1;V5;NA;NA;0.522269212795579
plate1#D15;78.47;85.22;0;0;0;0;5.83026464921254;D15;G6-N01;NA;N01;6;NA;plate1;V5;DW;1;0.07148395609364
plate1#D20;76.89;84.4;1;1;NA;0;7.05048395172332;D20;5-100%;calib;5-100%;NA;100%;plate1;V5;NA;NA;NA
plate1#D22;76.77;84.07;1;1;1;0;7.07661554378943;D22;5-100%;calib;5-100%;NA;100%;plate1;V5;NA;NA;1.00001390472069
plate1#D24;78.59;85.69;0.101443421030469;0.016340984755513;0.0480274574572645;0;6.50543346761604;D24;G3-N05;NA;N05;3;NA;plate1;V5;RA;5&6;0.332606199065871
plate1#D3;77.44;85.22;0.132247271920978;0.0202654246366662;0.0633209382908888;0;8.12364710575541;D3;G3-Z02;NA;Z02;3;NA;plate1;V5;DW;2;0.397940898684516
plate1#D5;78.53;85.22;0;0;0;0;8.13650090584641;D5;G1-Z03;NA;Z03;1;NA;plate1;V5;VFP;3;0.07148395609364
plate1#D6;78.62;85.25;0;0;0;0;7.28452747176172;D6;1;NA;1;0;NA;plate1;V5;DW;1;0.07148395609364
plate1#E23;77.38;85.51;0.149993142706891;0.0314130768087621;0.0872093838916335;NA;6.45218077732276;E23;5-50%;calib;5-50%;NA;50%;plate1;V5;NA;NA;0.476629811381798
plate1#E24;77.5;85.57;0.178184202422524;0.0391235649407269;0.0998919485098703;0;6.82095073883765;E24;5-50%;calib;5-50%;NA;50%;plate1;V5;NA;NA;0.509707738093077
plate1#E5;78.96;85.22;0;0;0;0;7.83915603033147;E5;G3-N03;NA;N03;3;NA;plate1;V5;VFP;3;0.07148395609364
plate1#E7;80.09;85.22;0;0;0;0;7.54758998585597;E7;G3-N04;NA;N04;3;NA;plate1;V5;VFP;4;0.07148395609364
plate1#F16;78.01;85.22;0.120360257863777;0.00867768979676235;NA;0;6.38398999576318;F16;G6-Z04;NA;Z04;6;NA;plate1;V5;VFP;4;NA
plate1#F18;80.38;85.54;0;0;0;0;7.3154909604829;F18;3;NA;3;0;NA;plate1;V5;VFP;3;0.07148395609364
plate1#F20;78.99;85.63;0;0;0;0;7.26337217521488;F20;5-0%;calib;5-0%;NA;0%;plate1;V5;NA;NA;0.07148395609364
plate1#F21;80.46;85.45;0;0;0;0;6.63361766254396;F21;G6-Z01;NA;Z01;6;NA;plate1;V5;DW;1;0.07148395609364
plate1#F6;80.12;85.19;0;0;0;0;6.58806528618425;F6;G1-N04;NA;N04;1;NA;plate1;V5;VFP;4;0.07148395609364
plate1#F7;77.7;85.19;0.122686705443012;0.0142297576880526;0.0729474602470236;0;6.86192377273106;F7;G1-N02;NA;N02;1;NA;plate1;V5;DW;2;0.432736770180666
plate1#F8;77.54;85.1;0.278700091328219;0.150004406787537;0.220202840378604;0;6.5036080588666;F8;5-75%;calib;5-75%;NA;75%;plate1;V5;NA;NA;0.746978222501465
plate1#G13;78.9;85.22;0;0;0;0;7.08569311222858;G13;5-0%;calib;5-0%;NA;0%;plate1;V5;NA;NA;0.07148395609364
plate1#G17;80.12;85.51;0;0;NA;0;6.82497377173548;G17;5-25%;calib;5-25%;NA;25%;plate1;V5;NA;NA;NA
plate1#G18;79.31;85.57;0;0;0;0;7.35342011234251;G18;5-25%;calib;5-25%;NA;25%;plate1;V5;NA;NA;0.07148395609364
plate1#G24;80.46;85.57;0;0;0;0;6.63608279853241;G24;G6-Z03;NA;Z03;6;NA;plate1;V5;VFP;3;0.07148395609364
plate1#G3;80.38;85.22;0;0;NA;0;7.12465146555454;G3;G1-Z04;NA;Z04;1;NA;plate1;V5;VFP;4;NA
plate1#G7;77.95;85.22;0.130229535929392;0.0286634587041777;0.0877298616863827;0;6.38653279647939;G7;5&6;NA;5&6;0;NA;plate1;V5;RA;5&6;0.478077823685522
plate1#H12;78.53;85.19;0;0;0;0;6.86227470224167;H12;G1-Z03;NA;Z03;1;NA;plate1;V5;VFP;3;0.07148395609364
plate1#H22;80.41;85.57;0;0;0;0;6.05156367507308;H22;G3-N04;NA;N04;3;NA;plate1;V5;VFP;4;0.07148395609364
plate1#H7;77.64;85.22;0.146909895520096;0.0309021719943398;NA;0;6.41899952915339;H7;G6-Z06;NA;Z06;6;NA;plate1;V5;RA;5&6;NA
plate1#I12;77.64;85.19;0.111234031394253;0.00665114578650856;0.0522350506186436;0;6.7664594399602;I12;G6-Z03;NA;Z03;6;NA;plate1;V5;VFP;3;0.351907700881512
plate1#I15;77.81;85.22;0.12129605278033;0.0279022136873988;0.0665049069507411;0;5.82681058235731;I15;1;NA;1;0;NA;plate1;V5;DW;1;0.409953071152376
plate1#I16;77.75;85.22;0.140565769671166;0.0368059574220415;0.0922731448096127;0;5.96127468964227;I16;G3-N06;NA;N06;3;NA;plate1;V5;RA;5&6;0.490335225508267
plate1#I18;80.49;85.57;0;0;NA;0;7.07361941118084;I18;G1-Z02;NA;Z02;1;NA;plate1;V5;DW;2;NA
plate1#I6;77.35;85.19;0.302411012209364;0.180263712129901;0.242989402929793;0;5.67169628690308;I6;5-75%;calib;5-75%;NA;75%;plate1;V5;NA;NA;0.767150922856919
plate1#J1;77.5;84.07;1;1;1;0;7.76337826781142;J1;5-100%;calib;5-100%;NA;100%;plate1;V5;NA;NA;1.00001390472069
plate1#J18;77.81;85.22;0.143146033876038;0.0274952178580095;0.0893823120465734;0;7.52265730706872;J18;G3-Z05;NA;Z05;3;NA;plate1;V5;RA;5&6;0.482612294219947
plate1#J19;78.88;85.45;0.100904214683979;0.0285690749729922;0.052618690087227;0;7.10696806998559;J19;G3-Z06;NA;Z06;3;NA;plate1;V5;RA;5&6;0.35361567041756
plate1#J2;78.22;85.19;0.271545647561668;0.142869971271976;0.210358522502201;0;8.10487525340931;J2;5-75%;calib;5-75%;NA;75%;plate1;V5;NA;NA;0.735961306373722
plate1#J21;77.5;85.51;0.126900866575721;0.00210414037439283;0.0744072898910487;0;6.2601912691293;J21;G3-Z01;NA;Z01;3;NA;plate1;V5;DW;1;0.437628993929638
plate1#J9;77.67;84.13;1;1;1;0;7.01077714053949;J9;5-100%;calib;5-100%;NA;100%;plate1;V5;NA;NA;1.00001390472069
plate1#K10;77.26;85.1;0.281214875079651;0.147988306899466;0.226926986441806;0;6.63169272788413;K10;5-75%;calib;5-75%;NA;75%;plate1;V5;NA;NA;0.753479301769868
plate1#K11;77.2;85.19;0.111316691190167;0.0194929657586068;0.058229999913482;NA;5.75201542246696;K11;G3-N02;NA;N02;3;NA;plate1;V5;DW;2;0.377638517354039
plate1#K13;77.58;84.93;0.412234741541615;0.297986841739131;0.369791470050101;0;6.90484935540973;K13;G1-N01;NA;N01;1;NA;plate1;V5;DW;1;0.854943317135381
plate1#K16;78.38;85.54;0;0;0;0;6.94463555720416;K16;5-0%;calib;5-0%;NA;0%;plate1;V5;NA;NA;0.07148395609364
plate1#K17;77.2;85.19;0.165596222500098;0.033788304122477;0.096567250672904;0;7.07930159278128;K17;G6-Z05;NA;Z05;6;NA;plate1;V5;RA;5&6;0.501396468589115
plate1#K20;78.79;85.22;0.0661724285095637;-0.00511979978207551;0.0173675935740601;0;6.25540942307656;K20;G6-Z02;NA;Z02;6;NA;plate1;V5;DW;2;0.171007542985853
plate1#K23;80.26;85.57;0;0;0;0;7.48174985672319;K23;G3-Z03;NA;Z03;3;NA;plate1;V5;VFP;3;0.07148395609364
plate1#K6;80.06;85.45;0;0;NA;0;7.92880528852328;K6;G6-N06;NA;N06;6;NA;plate1;V5;RA;5&6;NA
plate1#K9;78.25;85.45;0;0;0;0;6.04878845546789;K9;G6-N03;NA;N03;6;NA;plate1;V5;VFP;3;0.07148395609364
plate1#L1;77.67;85.54;0.152106129066776;0.0257022466257788;0.0808378101966272;0;8.15028955914189;L1;G1-Z06;NA;Z06;1;NA;plate1;V5;RA;5&6;0.458062500514766
plate1#L12;77.5;85.19;0.130311650001506;0.0113836021932477;0.068934801319334;0;6.72916368710253;L12;G3-N02;NA;N02;3;NA;plate1;V5;DW;2;0.418780088948886
plate1#L13;80.09;85.19;0;0;0;0;7.55525635742705;L13;G1-N03;NA;N03;1;NA;plate1;V5;VFP;3;0.07148395609364
plate1#L14;78.53;85.22;0;0;0;0;6.56423889829684;L14;G6-N01;NA;N01;6;NA;plate1;V5;DW;1;0.07148395609364
plate1#L15;80.41;85.22;0;0;0;0;6.29931243073641;L15;G6-Z04;NA;Z04;6;NA;plate1;V5;VFP;4;0.07148395609364
plate1#L17;76.97;85.51;0.122093933723575;0.0260736444162876;0.0714990614704803;NA;6.40151921246517;L17;G1-N05;NA;N05;1;NA;plate1;V5;RA;5&6;0.427786228197626
plate1#M13;77.81;85.19;0.12691621557693;0.018904938235493;NA;0;7.01042448514605;M13;G3-Z05;NA;Z05;3;NA;plate1;V5;RA;5&6;NA
plate1#M2;79.88;85.57;0;0;0;0;8.92249614017119;M2;G6-N02;NA;N02;6;NA;plate1;V5;DW;2;0.07148395609364
plate1#M23;80.59;85.63;0;0;0;0;6.85639116764334;M23;G1-Z02;NA;Z02;1;NA;plate1;V5;DW;2;0.07148395609364
plate1#N18;80.41;85.51;0;0;NA;0;5.28672086082375;N18;G3-Z04;NA;Z04;3;NA;plate1;V5;VFP;4;NA
plate1#N19;79.97;85.57;0;0;NA;0;7.60182010113044;N19;G6-N04;NA;N04;6;NA;plate1;V5;VFP;4;NA
plate1#N20;77.26;85.51;0.179686757361757;0.0470696252850109;0.108300681047242;0;7.96840624555965;N20;G3-Z06;NA;Z06;3;NA;plate1;V5;RA;5&6;0.530229591486556
plate1#N22;79.37;85.57;0;0;0;0;7.44259820451926;N22;G6-N04;NA;N04;6;NA;plate1;V5;VFP;4;0.07148395609364
plate1#N3;77.81;85.51;0.154733366321789;0.0291880947082007;0.0859268517775661;0;8.76397207552126;N3;5-50%;calib;5-50%;NA;50%;plate1;V5;NA;NA;0.47301909032953
plate1#N6;80.06;85.51;0;0;0;0;9.23665859336414;N6;G6-N02;NA;N02;6;NA;plate1;V5;DW;2;0.07148395609364
plate1#N9;77.81;85.45;0.120898603196921;0.019067861330797;0.0609470748991776;0;6.00909947840673;N9;G3-Z04;NA;Z04;3;NA;plate1;V5;VFP;4;0.388645409819114
plate1#O12;78.62;85.54;0;0;0;0;7.92981435468985;O12;4;NA;4;0;NA;plate1;V5;VFP;4;0.07148395609364
plate1#O18;77.35;85.19;0.235389741933579;0.0948461610885558;0.168083287485618;0;6.04854568128186;O18;G1-N06;NA;N06;1;NA;plate1;V5;RA;5&6;0.666383062496147
plate1#O19;77.75;85.45;0.14883422563242;0.0352608781526861;0.0879687765234652;0;7.61014978700599;O19;G1-Z05;NA;Z05;1;NA;plate1;V5;RA;5&6;0.478739255555574
plate1#O24;79.97;85.03;0;0;0;0;6.96446997808484;O24;5-25%;calib;5-25%;NA;25%;plate1;V5;NA;NA;0.07148395609364
plate1#O3;78.01;85.51;0.14870001656559;0.0353399570216215;0.0935080054096655;0;8.56383237326751;O3;5-50%;calib;5-50%;NA;50%;plate1;V5;NA;NA;0.493561613875015
plate1#O6;80.09;85.51;0;0;NA;0;9.04564190779763;O6;5-25%;calib;5-25%;NA;25%;plate1;V5;NA;NA;NA
plate1#P10;78.28;85.51;0;0;0;0;9.11959196039112;P10;5-0%;calib;5-0%;NA;0%;plate1;V5;NA;NA;0.07148395609364
plate1#P15;77.38;85.22;0.13318803134533;0.0182235779882407;0.0780511610891756;0;7.41971184748484;P15;G3-N05;NA;N05;3;NA;plate1;V5;RA;5&6;0.44942599308812
plate1#P16;80.12;85.19;0;0;0;0;7.03489922968667;P16;G1-Z04;NA;Z04;1;NA;plate1;V5;VFP;4;0.07148395609364
plate1#P17;78.15;85.13;0.27590900772942;0.160693862303516;0.238639219593029;0;6.55285497509044;P17;5-75%;calib;5-75%;NA;75%;plate1;V5;NA;NA;0.76359338192361
plate1#P20;80.06;85.63;0;0;0;0;7.35615160958245;P20;G6-N06;NA;N06;6;NA;plate1;V5;RA;5&6;0.07148395609364
plate1#P22;80.06;84.93;0;0;0;0;6.645259520553;P22;G1-Z01;NA;Z01;1;NA;plate1;V5;DW;1;0.07148395609364
plate1#P3;77.58;85.45;0.140958349862036;0.0331818733515714;0.0837447054000435;NA;9.76323522756219;P3;G1-Z01;NA;Z01;1;NA;plate1;V5;DW;1;0.466731285149584
plate1#P6;80.12;85.19;0;0;0;0;9.24652258908361;P6;G3-N03;NA;N03;3;NA;plate1;V5;VFP;3;0.07148395609364
plate2#A11;79.85;85.47;0;0;NA;0;5.56794086342354;A11;5-0%;calib;5-0%;NA;0%;plate2;V5;NA;NA;NA
plate2#A12;78.79;85.39;0.10413775901792;0.0183310112800792;0.0587167385929937;0;5.63472157347854;A12;5&6;NA;5&6;0;NA;plate2;V5;RA;5&6;0.379639637620389
plate2#A14;77.74;85.15;0.119099834364026;0.0106165663919975;0.0559126845348377;0;6.011971441797;A14;G1-Z04;NA;Z04;1;NA;plate2;V5;VFP;4;0.367932511285653
plate2#A15;80.33;85.47;0;0;0;0;5.57955105402145;A15;2;NA;2;0;NA;plate2;V5;DW;2;0.07148395609364
plate2#A16;80.33;85.41;0;0;0;0;5.3837257601027;A16;G6-Z03;NA;Z03;6;NA;plate2;V5;VFP;3;0.07148395609364
plate2#A18;78.75;85.47;0;0;0;0;6.22115095995501;A18;G3-N02;NA;N02;3;NA;plate2;V5;DW;2;0.07148395609364
plate2#A19;77.6;85.15;0.132384939248829;0.0170063589351943;0.0613386128548501;0;6.25475159548539;A19;G1-N03;NA;N03;1;NA;plate2;V5;VFP;3;0.39019895844265
plate2#A20;78.63;85.09;0.267900595821693;0.162135785251695;0.214261051167145;0;6.22629317988759;A20;5-75%;calib;5-75%;NA;75%;plate2;V5;NA;NA;0.740574548033672
plate2#A22;77.23;85.6;0.142538194561968;0.0236877179135859;0.0861985129635259;NA;5.36501222557088;A22;G3-Z02;NA;Z02;3;NA;plate2;V5;DW;2;0.473789047953859
plate2#A5;77.68;85.09;0.273452765157706;0.160196437643736;0.211881801130391;0;5.65149318697526;A5;5-75%;calib;5-75%;NA;75%;plate2;V5;NA;NA;0.737802859099778
plate2#A8;78.15;83.91;1;1;1;0;6.180766970471;A8;5-100%;calib;5-100%;NA;100%;plate2;V5;NA;NA;1.00001390472069
plate2#B14;80.33;85.54;0;0;0;0;5.83152386157364;B14;3;NA;3;0;NA;plate2;V5;VFP;3;0.07148395609364
plate2#B15;80.36;85.54;0;0;0;0;5.10067563255704;B15;2;NA;2;0;NA;plate2;V5;DW;2;0.07148395609364
plate2#B17;77.28;85.47;0.156356999713882;0.0248034992885085;0.07747697378016;0;6.03236238804928;B17;G3-Z01;NA;Z01;3;NA;plate2;V5;DW;1;0.447605550455924
plate2#B23;78.93;85.6;0.0891260649107098;0.00768304367790051;0.0325857888300064;0;5.76712633842461;B23;G1-Z01;NA;Z01;1;NA;plate2;V5;DW;1;0.254657175424938
plate2#B4;78.65;85.6;0;0;0;0;6.67927150650002;B4;G6-N03;NA;N03;6;NA;plate2;V5;VFP;3;0.07148395609364
plate2#B5;76.87;84.41;1;1;1;0;6.76159654736027;B5;5-100%;calib;5-100%;NA;100%;plate2;V5;NA;NA;1.00001390472069
plate2#B8;78.63;85.39;0;0;0;0;5.72282346419233;B8;G1-N04;NA;N04;1;NA;plate2;V5;VFP;4;0.07148395609364
plate2#C9;78.03;85.15;0.0848078301511985;0.00598588368002231;0.0306305549233643;0;5.52160347549334;C9;G6-Z05;NA;Z05;6;NA;plate2;V5;RA;5&6;0.244210366302526
plate2#D10;77.51;85.15;0.135181487070791;0.022704413911295;NA;NA;5.33815693878522;D10;G3-Z05;NA;Z05;3;NA;plate2;V5;RA;5&6;NA
plate2#D11;79.85;85.41;0;0;0;0;6.07064169513086;D11;5-0%;calib;5-0%;NA;0%;plate2;V5;NA;NA;0.07148395609364
plate2#D21;80.38;85.47;0;0;0;0;6.26011148161445;D21;G1-N02;NA;N02;1;NA;plate2;V5;DW;2;0.07148395609364
plate2#D7;77.47;85.37;0.133151991927323;0.0196766824289221;0.0778035851486309;0;6.57802735747794;D7;G1-N02;NA;N02;1;NA;plate2;V5;DW;2;0.448642799529694
plate2#E15;79.82;85.6;0;0;0;0;5.35947383012725;E15;4;NA;4;0;NA;plate2;V5;VFP;4;0.07148395609364
plate2#E20;80.38;85.54;0;0;0;0;6.19587922354052;E20;G6-Z04;NA;Z04;6;NA;plate2;V5;VFP;4;0.07148395609364
plate2#E6;80.22;85.47;0;0;0;0;7.096814006661;E6;5-25%;calib;5-25%;NA;25%;plate2;V5;NA;NA;0.07148395609364
plate2#E9;80.12;85.37;0;0;0;0;5.93973676462589;E9;G3-Z02;NA;Z02;3;NA;plate2;V5;DW;2;0.07148395609364
plate2#F13;79.85;85.15;0;0;0;0;5.84639887000573;F13;G3-N04;NA;N04;3;NA;plate2;V5;VFP;4;0.07148395609364
plate2#F15;78.63;85.39;0;0;0;0;5.70032412205738;F15;G6-N01;NA;N01;6;NA;plate2;V5;DW;1;0.07148395609364
plate2#F7;80.2;85.39;0;0;0;0;6.10187506681546;F7;G6-Z01;NA;Z01;6;NA;plate2;V5;DW;1;0.07148395609364
plate2#G10;80.12;85.47;0;0;0;0;5.54622969919289;G10;G3-Z03;NA;Z03;3;NA;plate2;V5;VFP;3;0.07148395609364
plate2#G13;79.85;85.41;0;0;0;0;5.92411905308332;G13;G6-N05;NA;N05;6;NA;plate2;V5;RA;5&6;0.07148395609364
plate2#G16;77.68;85.41;0.123833189748728;0.0132945744829251;0.0674797143015495;0;5.83649417978652;G16;G6-Z05;NA;Z05;6;NA;plate2;V5;RA;5&6;0.413529021985994
plate2#G4;78.93;85.47;0.100088722866238;0.0198784610209885;0.0492031896318108;0;5.98851474202613;G4;5-50%;calib;5-50%;NA;50%;plate2;V5;NA;NA;0.338105329321981
plate2#H13;78.79;85.57;0;0;NA;0;5.98619354510024;H13;4;NA;4;0;NA;plate2;V5;VFP;4;NA
plate2#H15;77.16;85.37;0.186698986428715;0.0437483615033867;NA;0;4.95283381750739;H15;5-50%;calib;5-50%;NA;50%;plate2;V5;NA;NA;NA
plate2#H16;80.27;85.54;0;0;0;0;5.23543116245221;H16;G1-Z03;NA;Z03;1;NA;plate2;V5;VFP;3;0.07148395609364
plate2#H22;80.47;85.6;0;0;0;0;5.35979629856647;H22;G1-N03;NA;N03;1;NA;plate2;V5;VFP;3;0.07148395609364
plate2#H7;80.33;85.47;0;0;0;0;5.6363607796283;H7;G3-N06;NA;N06;3;NA;plate2;V5;RA;5&6;0.07148395609364
plate2#H9;78.55;85.57;0;0;0;0;5.89979446101232;H9;5-0%;calib;5-0%;NA;0%;plate2;V5;NA;NA;0.07148395609364
plate2#I2;80.38;85.57;0;0;0;0;7.66088443809473;I2;G1-N05;NA;N05;1;NA;plate2;V5;RA;5&6;0.07148395609364
plate2#I20;80.47;85.6;0;0;0;0;5.8975262410443;I20;1;NA;1;0;NA;plate2;V5;DW;1;0.07148395609364
plate2#I3;80.36;85.41;0;0;0;0;6.35057769889205;I3;G1-Z06;NA;Z06;1;NA;plate2;V5;RA;5&6;0.07148395609364
plate2#I4;80.33;85.57;0;0;0;0;5.66315214856262;I4;G3-N03;NA;N03;3;NA;plate2;V5;VFP;3;0.07148395609364
plate2#I5;80.33;85.47;0;0;0;0;4.80543015172556;I5;G3-Z01;NA;Z01;3;NA;plate2;V5;DW;1;0.07148395609364
plate2#I8;80.36;85.37;0;0;0;0;5.79121876168994;I8;G6-Z02;NA;Z02;6;NA;plate2;V5;DW;2;0.07148395609364
plate2#J17;78.55;85.47;0.0991552111833753;0.0193259269011594;0.0554476148316665;0;6.08669039110716;J17;G1-N01;NA;N01;1;NA;plate2;V5;DW;1;0.365948538649187
plate2#J22;79.91;85.6;0;0;0;0;6.43645046842023;J22;G6-N05;NA;N05;6;NA;plate2;V5;RA;5&6;0.07148395609364
plate2#J9;77.6;85.37;0.154152953765911;0.0382438924906202;0.098091793223605;0;5.79377634832204;J9;G3-Z06;NA;Z06;3;NA;plate2;V5;RA;5&6;0.505229835526768
plate2#K1;78.93;85.54;0.0914367998402686;0.0172778415312592;0.0428910413587604;0;7.81111296239958;K1;5&6;NA;5&6;0;NA;plate2;V5;RA;5&6;0.307737801055815
plate2#K9;80.38;85.39;0;0;0;0;5.03638848784399;K9;G1-N01;NA;N01;1;NA;plate2;V5;DW;1;0.07148395609364
plate2#L12;79.85;85.41;0;0;NA;0;5.3539861082955;L12;5-25%;calib;5-25%;NA;25%;plate2;V5;NA;NA;NA
plate2#L15;79.74;85.6;0;0;0;0;5.40979345866671;L15;5-0%;calib;5-0%;NA;0%;plate2;V5;NA;NA;0.07148395609364
plate2#L18;80.33;85.47;0;0;NA;0;5.05117845464603;L18;G6-Z01;NA;Z01;6;NA;plate2;V5;DW;1;NA
plate2#L19;80.38;85.54;0;0;0;0;5.50628910381281;L19;G3-Z04;NA;Z04;3;NA;plate2;V5;VFP;4;0.07148395609364
plate2#L23;78.65;85.6;0;0;0;0;6.44179998949232;L23;G6-N06;NA;N06;6;NA;plate2;V5;RA;5&6;0.07148395609364
plate2#L6;77.51;85.47;0.1309814708951;0.0079517842354275;NA;0;8.06982163762048;L6;G1-N06;NA;N06;1;NA;plate2;V5;RA;5&6;NA
plate2#M1;78.79;85.6;0;0;0;0;7.72785325935465;M1;G3-Z03;NA;Z03;3;NA;plate2;V5;VFP;3;0.07148395609364
plate2#M10;77.19;85.15;0.152678458911996;0.00983084018793696;0.0654295659271608;0;4.65439399650519;M10;G1-Z06;NA;Z06;1;NA;plate2;V5;RA;5&6;0.405953479222066
plate2#M12;77.4;85.09;0.271423857783861;0.129321131510055;0.218420779453596;0;5.40138516253022;M12;5-75%;calib;5-75%;NA;75%;plate2;V5;NA;NA;0.745130377624387
plate2#M21;77.16;85.47;0.162208334934715;0.0266152119924275;0.0959891826442793;0;6.58357784548804;M21;G6-Z06;NA;Z06;6;NA;plate2;V5;RA;5&6;0.499931571703847
plate2#M4;79.77;85.54;0;0;0;0;7.58995028942043;M4;G6-N02;NA;N02;6;NA;plate2;V5;DW;2;0.07148395609364
plate2#N11;77.77;85.15;0.158903678860907;0.0471893816318613;0.107977884351378;0;5.48994052978078;N11;5-50%;calib;5-50%;NA;50%;plate2;V5;NA;NA;0.529447021417152
plate2#N12;80.44;85.37;0;0;0;0;5.5393064169701;N12;G1-Z05;NA;Z05;1;NA;plate2;V5;RA;5&6;0.07148395609364
plate2#N17;78.72;85.54;0.0847020129157071;0.00749930556498804;0.0331854576483859;0;5.83616567958893;N17;5-25%;calib;5-25%;NA;25%;plate2;V5;NA;NA;0.257839957575576
plate2#N4;80.38;85.54;0;0;0;0;7.74590617937746;N4;G1-Z02;NA;Z02;1;NA;plate2;V5;DW;2;0.07148395609364
plate2#O13;80.27;85.47;0;0;0;0;5.9976803315745;O13;G1-N05;NA;N05;1;NA;plate2;V5;RA;5&6;0.07148395609364
plate2#O6;78.75;85.57;0.103795790758904;0.0241981297968509;0.0542230134495064;0;7.33964368228826;O6;G3-N06;NA;N06;3;NA;plate2;V5;RA;5&6;0.360665967766025
plate2#P1;77.74;85.09;0.101980745214973;0.00226620411970594;0.044789749597682;0;10.2192701452778;P1;5-25%;calib;5-25%;NA;25%;plate2;V5;NA;NA;0.317076756479117
plate2#P12;80.33;85.47;0;0;0;0;6.97263271714076;P12;G3-N01;NA;N01;3;NA;plate2;V5;DW;1;0.07148395609364
plate2#P13;77.74;85.37;0.134402715120644;0.0102720983966169;0.0729567818604123;0;6.7749237072841;P13;G6-Z06;NA;Z06;6;NA;plate2;V5;RA;5&6;0.432768317238658
plate2#P14;77.65;85.09;0.275851041431562;0.140216066458747;NA;0;6.13771340297944;P14;5-75%;calib;5-75%;NA;75%;plate2;V5;NA;NA;NA
plate2#P2;77.07;84.03;1;1;1;0;8.24870179089463;P2;5-100%;calib;5-100%;NA;100%;plate2;V5;NA;NA;1.00001390472069
plate2#P20;78.81;85.47;0;0;NA;0;7.46995145106818;P20;G6-N04;NA;N04;6;NA;plate2;V5;VFP;4;NA
plate2#P24;77.65;85.54;0.126736689877943;0.0150488516607823;0.0799335951817544;NA;6.89502419828965;P24;G3-N05;NA;N05;3;NA;plate2;V5;RA;5&6;0.455295771631844
plate2#P7;77.97;85.39;0.123381863155018;0.0227242482323009;NA;0;8.03882378306381;P7;G1-Z05;NA;Z05;1;NA;plate2;V5;RA;5&6;NA
plate2#P8;77.03;83.82;1;1;1;0;8.15248527034191;P8;5-100%;calib;5-100%;NA;100%;plate2;V5;NA;NA;1.00001390472069
plate1#A15;77.58;85.45;0.156088666007719;0.0394595548730238;0.0995848916659907;0;6.4754428015218;A15;6-25%;calib;6-25%;NA;25%;plate1;V6;NA;NA;0.272874078388635
plate1#A16;78.9;85.57;0;0;0;0;6.54965576360111;A16;6-0%;calib;6-0%;NA;0%;plate1;V6;NA;NA;0.0102828216652026
plate1#A17;77.38;85.13;0.20215898876739;0.0856273873255799;0.151206653240227;0;7.00709755832663;A17;7;NA;7;0;NA;plate1;V6;DW;7;0.395305883434606
plate1#A2;77.5;85.03;0.254862897479058;0.132491452998896;0.200994438009171;0;8.97386359110994;A2;G1-Z07;NA;Z07;1;NA;plate1;V6;DW;7;0.497276187234447
plate1#A3;77.64;85.19;0.249856087745241;0.123791109897271;0.19866501603867;0;7.98921118789016;A3;G3-Z07;NA;Z07;3;NA;plate1;V6;DW;7;0.493058724826457
plate1#A9;77.2;84.93;0.211999925556061;0.0665275667550501;0.150698744785768;0;7.17119852572382;A9;G6-N10;NA;N10;6;NA;plate1;V6;VFP;10;0.394154267669784
plate1#B1;77.75;85.45;0.170399168864602;0.0534065205618412;0.107857406349613;0;7.17251364844718;B1;G3-Z08;NA;Z08;3;NA;plate1;V6;DW;8;0.292905703193536
plate1#B12;77.88;85.51;0.139014583430258;0.0394855798413303;NA;0;6.81079621950694;B12;10;NA;10;0;NA;plate1;V6;VFP;10;NA
plate1#B16;78.7;85.66;0;0;0;0;6.44746681599502;B16;6-0%;calib;6-0%;NA;0%;plate1;V6;NA;NA;0.0102828216652026
plate1#B21;77.44;85.22;0.277497456215705;0.126902404588144;0.215475285822335;0;6.62209566871044;B21;6-50%;calib;6-50%;NA;50%;plate1;V6;NA;NA;0.522449384829615
plate1#B8;77.2;85.19;0.171997727437997;0.0322419934382334;0.114064826609623;0;6.55141501350839;B8;6-25%;calib;6-25%;NA;25%;plate1;V6;NA;NA;0.307880996143731
plate1#C10;73.45;84.98;0.509740094376958;0.409827675887809;0.500906959608225;3.29699766966813;6.6134116015586;C10;6-75%;calib;6-75%;NA;75%;plate1;V6;NA;NA;0.762548920147369
plate1#C13;77.11;84.13;1;1;1;0;6.31417918551202;C13;6-100%;calib;6-100%;NA;100%;plate1;V6;NA;NA;0.999892748455638
plate1#C20;77.7;85.22;0.272295042837804;0.14449290152599;0.210491651097319;0;7.03221548187194;C20;6-50%;calib;6-50%;NA;50%;plate1;V6;NA;NA;0.513975977113862
plate1#C22;77.44;85.13;0.485949056504174;0.359707530192599;0.439728713233383;0;6.4700143246987;C22;6-75%;calib;6-75%;NA;75%;plate1;V6;NA;NA;0.742291585740597
plate1#D13;77.58;84.93;0.493694530288514;0.383314258605012;0.455001198307306;0;6.08360699115724;D13;6-75%;calib;6-75%;NA;75%;plate1;V6;NA;NA;0.747998575249103
plate1#D14;76.97;85.22;0.177912513923722;0.043886282173346;0.106957962011314;0;6.00452013594044;D14;6-25%;calib;6-25%;NA;25%;plate1;V6;NA;NA;0.290732115509064
plate1#D16;77.23;85.13;0.247413826395951;0.0921024272606446;0.173972865029597;0;5.78471917638419;D16;G3-N10;NA;N10;3;NA;plate1;V6;VFP;10;0.444914331424399
plate1#D18;77.44;85.57;0.140256319844457;0.0244513027975829;0.066088532769573;0;7.27581118813022;D18;9;NA;9;0;NA;plate1;V6;VFP;9;0.189769173977748
plate1#D21;77.35;84.07;1;1;1;0;7.01422257798052;D21;6-100%;calib;6-100%;NA;100%;plate1;V6;NA;NA;0.999892748455638
plate1#D4;77.44;85.22;0.170759974574197;0.0525225159212005;0.108736721879684;0;7.38116540486314;D4;G3-N11;NA;N11;3;NA;plate1;V6;RA;11&12;0.295029752670718
plate1#D7;77.3;85.13;0.246974060193588;0.119566362172139;0.188089011264343;0;7.25343224065049;D7;6-50%;calib;6-50%;NA;50%;plate1;V6;NA;NA;0.473235927802135
plate1#D9;77.54;84.89;0.507840268932954;0.383922331538664;NA;0;6.25961885132101;D9;6-75%;calib;6-75%;NA;75%;plate1;V6;NA;NA;NA
plate1#E15;77.75;85.13;0.206185384895102;0.0953157433400561;0.14888792324711;0;6.10433369346571;E15;G6-Z09;NA;Z09;6;NA;plate1;V6;VFP;9;0.390035055999988
plate1#E3;77.7;85.45;0.171857731616203;0.0621572785671025;0.114893739669272;0;7.72413802028841;E3;G3-N12;NA;N12;3;NA;plate1;V6;RA;11&12;0.30987730251091
plate1#E9;77.58;85.1;0.252788629305483;0.134520894397733;NA;0;6.87508190349601;E9;G3-N09;NA;N09;3;NA;plate1;V6;VFP;9;NA
plate1#F1;77.44;85.19;0.24935048909321;0.0910569453755924;NA;0;7.47439069229747;F1;G6-Z07;NA;Z07;6;NA;plate1;V6;DW;7;NA
plate1#F11;77.54;85.1;0.187215365135721;0.0562676667123836;0.122249471024254;0;6.66875203479286;F11;G6-N12;NA;N12;6;NA;plate1;V6;RA;11&12;0.327543790004156
plate1#F15;77.64;85.19;0.217345068860906;0.0828432382653728;0.163630496240854;0;6.42288334083554;F15;G1-Z11;NA;Z11;1;NA;plate1;V6;RA;11&12;0.42290538613201
plate1#F19;77.54;85.19;0.253697435655089;0.112117426343391;0.195513956371249;0;7.11032778857895;F19;G3-N08;NA;N08;3;NA;plate1;V6;DW;8;0.487271359779373
plate1#F9;73.13;85.1;0.272959145491132;0.10693241638425;NA;NA;6.36954665757742;F9;G6-Z08;NA;Z08;6;NA;plate1;V6;DW;8;NA
plate1#G1;77.81;85.22;0.194326571747497;0.0666165687603992;0.127800873673859;0;7.20127721184284;G1;G1-N09;NA;N09;1;NA;plate1;V6;VFP;9;0.340795301411395
plate1#G11;77.88;85.22;0.123893770808768;0.013129439674701;NA;0;6.54203426498385;G11;10;NA;10;0;NA;plate1;V6;VFP;10;NA
plate1#G12;77.3;85.1;0.240118172285246;0.106716782957765;0.185765209453035;0;6.76068406068645;G12;G3-N07;NA;N07;3;NA;plate1;V6;DW;7;0.468721999287127
plate1#G15;77.58;85.13;0.232135973286727;0.10165295668061;NA;0;6.09409403058161;G15;G1-Z12;NA;Z12;1;NA;plate1;V6;RA;11&12;NA
plate1#G4;73.93;85.66;0.11087999192373;0.00101699851040075;0.0439096639202756;0;7.10601538265843;G4;6-0%;calib;6-0%;NA;0%;plate1;V6;NA;NA;0.131757380202644
plate1#G5;77.81;85.19;0.20878307540559;0.0939298741889474;NA;0;6.05762267442672;G5;G3-Z09;NA;Z09;3;NA;plate1;V6;VFP;9;NA
plate1#H13;77.67;85.13;1;1;1;0;6.90898054363214;H13;6-100%;calib;6-100%;NA;100%;plate1;V6;NA;NA;0.999892748455638
plate1#H14;77.3;84.93;0.521277683834719;0.410128480363454;NA;0;5.91784975152883;H14;6-75%;calib;6-75%;NA;75%;plate1;V6;NA;NA;NA
plate1#H5;77.81;85.22;0.201840564088908;0.0834601374119235;0.138230073993795;0;5.59848030981046;H5;11&12;NA;11&12;0;NA;plate1;V6;RA;11&12;0.365407705327168
plate1#I1;77.7;85.51;0.181042942140577;0.0599684044641314;0.113691314011355;0;7.19213003279586;I1;8;NA;8;0;NA;plate1;V6;DW;8;0.306981178081447
plate1#I11;77.75;85.19;0.141118846041064;0.0185001252845168;0.0835690625655116;0;7.44063875220265;I11;6-25%;calib;6-25%;NA;25%;plate1;V6;NA;NA;0.233671169811631
plate1#I20;77.1;85.19;0.243457975787624;0.0980202559842262;0.171122626875369;0;6.19831434228926;I20;G6-Z12;NA;Z12;6;NA;plate1;V6;RA;11&12;0.438946771685785
plate1#I9;77.95;85.19;0.147103660808088;0.0526401917447908;0.0924955260270862;0;6.65817870122653;I9;G3-N11;NA;N11;3;NA;plate1;V6;RA;11&12;0.255610252918308
plate1#J12;77.58;85.13;0.225740521354641;0.102984985043084;0.165062686773924;0;6.47247140656723;J12;G1-N08;NA;N08;1;NA;plate1;V6;DW;8;0.426009763391343
plate1#J22;77.58;85.19;0.230937832935;0.0919173225268065;0.168120355665502;0;7.07020273845379;J22;G6-Z08;NA;Z08;6;NA;plate1;V6;DW;8;0.432578493488751
plate1#J4;78.88;85.51;0.0911769593809365;0.015395235256078;0.0393070438307517;0;6.64906661513061;J4;6-25%;calib;6-25%;NA;25%;plate1;V6;NA;NA;0.119378350279447
plate1#J6;77.67;85.13;0.216256218324082;0.0910943894151839;0.161953066525268;0;6.22529679459503;J6;G6-Z07;NA;Z07;6;NA;plate1;V6;DW;7;0.419247792661266
plate1#J7;77.44;85.13;0.226156808431206;0.100464970427853;0.186249136129298;0;6.33588676456736;J7;G1-Z08;NA;Z08;1;NA;plate1;V6;DW;8;0.469666887925384
plate1#J8;77.7;85.19;0.215471235868955;0.0989547025937734;0.158510565095426;0;6.11196669796857;J8;G1-Z07;NA;Z07;1;NA;plate1;V6;DW;7;0.411671142358676
plate1#K15;80.46;85.51;0;0;0;0;6.5530770386824;K15;9;NA;9;0;NA;plate1;V6;VFP;9;0.0102828216652026
plate1#K2;77.95;85.13;0.235827296525676;0.11546161639383;0.165821927360364;0;8.76918021463524;K2;G6-N08;NA;N08;6;NA;plate1;V6;DW;8;0.427648415016586
plate1#L10;77.35;85.03;0.222891738159444;0.0888517073692019;0.176423070945332;0;5.75378157590559;L10;G6-Z10;NA;Z10;6;NA;plate1;V6;VFP;10;0.449980848507281
plate1#L16;77.58;85.13;0.231065587849461;0.108854524557384;0.170219356342065;0;6.21159903779574;L16;G3-Z09;NA;Z09;3;NA;plate1;V6;VFP;9;0.437039517620231
plate1#L19;77.44;85.22;0.16800024889104;0.0333264146605867;0.111479053756003;0;5.92582160436242;L19;G6-N11;NA;N11;6;NA;plate1;V6;RA;11&12;0.301648320250557
plate1#L4;77.67;85.13;0.230214493894279;0.0996242113700542;0.167021019366519;0;8.21802010527771;L4;G3-Z10;NA;Z10;3;NA;plate1;V6;VFP;10;0.430226236422754
plate1#L8;77.3;85.19;0.243170114966054;0.11136922795522;NA;0;5.4837850398583;L8;6-50%;calib;6-50%;NA;50%;plate1;V6;NA;NA;NA
plate1#M1;77.81;85.22;0.259826889120805;0.127031945726951;0.209101242027968;0;8.60297884782293;M1;G3-N10;NA;N10;3;NA;plate1;V6;VFP;10;0.511577966283667
plate1#M11;78.32;85.57;0;0;0;0;6.56743926037472;M11;6-0%;calib;6-0%;NA;0%;plate1;V6;NA;NA;0.0102828216652026
plate1#M14;77.23;85.13;0.233415233796433;0.108935193449856;0.175372433436414;0;6.49753295127313;M14;G6-N09;NA;N09;6;NA;plate1;V6;VFP;9;0.447815686849763
plate1#M15;77.67;85.19;0.22093353593411;0.102047980774835;0.162465065033936;0;6.08065458091389;M15;G1-N07;NA;N07;1;NA;plate1;V6;DW;7;0.420366631206334
plate1#M17;78.99;85.51;0.0987831221205161;0.0282666340967747;0.0528202420744399;0;6.04503523558722;M17;6-25%;calib;6-25%;NA;25%;plate1;V6;NA;NA;0.155407315476349
plate1#M4;77.75;85.13;0.226434585716162;0.10398033237009;0.166662820714142;0;8.15888272979754;M4;G6-Z10;NA;Z10;6;NA;plate1;V6;VFP;10;0.429457490637912
plate1#N1;77.88;85.25;0.249772607051876;0.11949838799994;0.188983389805043;0;9.07060967953594;N1;G1-N08;NA;N08;1;NA;plate1;V6;DW;8;0.474957528208279
plate1#N13;77.67;85.13;0.214828838007802;0.105984783308682;0.159094714068189;0;6.72867583755336;N13;G6-Z11;NA;Z11;6;NA;plate1;V6;RA;11&12;0.412963288269486
plate1#N15;77.2;85.13;0.254026648772389;0.118166332110208;0.17783935001491;0;6.31037879150042;N15;G6-N07;NA;N07;6;NA;plate1;V6;DW;7;0.452881766509214
plate1#N4;77.58;85.19;0.228294176474604;0.101609203558769;0.16188387226662;0;8.69839543116857;N4;G1-N10;NA;N10;1;NA;plate1;V6;VFP;10;0.419096424074288
plate1#N5;77.81;85.19;0.250847277273212;0.123406325409695;0.190007755619435;0;8.54729726508082;N5;6-50%;calib;6-50%;NA;50%;plate1;V6;NA;NA;0.476918705995625
plate1#O10;77.75;85.19;0.225079192873296;0.104059341173829;0.167116085399736;0;5.81571373099647;O10;G6-Z12;NA;Z12;6;NA;plate1;V6;RA;11&12;0.430430072522556
plate1#O15;77.58;85.19;0.225962280647972;0.10629188635068;0.15983628972121;0;6.9656291960584;O15;G3-Z12;NA;Z12;3;NA;plate1;V6;RA;11&12;0.414599896249751
plate1#O5;77.81;85.19;0.232584259463719;0.110946470655097;0.169122832931821;0;8.54767753459969;O5;G3-Z11;NA;Z11;3;NA;plate1;V6;RA;11&12;0.434714070831869
plate1#O9;77.5;85.19;0.233593356492832;0.0974068210392954;NA;0;6.40491287342103;O9;G1-N10;NA;N10;1;NA;plate1;V6;VFP;10;NA
plate1#P21;77.7;85.22;0.220562223370585;0.100025663389292;0.162379459422857;0;7.52003166397624;P21;G1-Z10;NA;Z10;1;NA;plate1;V6;VFP;10;0.420179710663362
plate1#P23;77.7;85.19;0.258711798743113;0.114691084779571;0.201688959411561;0;6.98792184939618;P23;G3-Z10;NA;Z10;3;NA;plate1;V6;VFP;10;0.498523931389767
plate1#P8;77.81;85.51;0.173950686526919;0.0585880465482077;0.126586428177636;0;7.69231906897334;P8;8;NA;8;0;NA;plate1;V6;DW;8;0.337903815437135
plate2#A13;77;84;1;1;1;0;5.87371712933628;A13;6-100%;calib;6-100%;NA;100%;plate2;V6;NA;NA;0.999892748455638
plate2#A17;79.74;85.47;0;0;0;0;5.99955180019499;A17;6-0%;calib;6-0%;NA;0%;plate2;V6;NA;NA;0.0102828216652026
plate2#A23;77.6;85.09;0.184066975989469;0.0530457755884763;0.113334164285741;0;5.16568526990409;A23;G6-N11;NA;N11;6;NA;plate2;V6;RA;11&12;0.306120625196086
plate2#A4;78.18;85.02;0.470341148812703;0.372033841737563;0.428948590236697;0;5.56436163886112;A4;6-75%;calib;6-75%;NA;75%;plate2;V6;NA;NA;0.737747416419578
plate2#A6;77.94;85.09;0.22866576141908;0.120763476751947;0.167981755351408;0;6.31980672391583;A6;G6-N08;NA;N08;6;NA;plate2;V6;DW;8;0.432282521789974
plate2#B10;78.15;84;1;1;1;0;5.43667277447688;B10;6-100%;calib;6-100%;NA;100%;plate2;V6;NA;NA;0.999892748455638
plate2#B16;77.51;85.37;0.19068971787331;0.0777902685942331;0.137254014042989;0;5.09593822568298;B16;G6-N12;NA;N12;6;NA;plate2;V6;RA;11&12;0.363123218909847
plate2#B20;77.57;85.41;0.268757528458606;0.152477186426041;0.213786744228834;0;6.37004442756405;B20;6-50%;calib;6-50%;NA;50%;plate2;V6;NA;NA;0.519599300618885
plate2#B21;77.19;85.6;0.178222334877766;0.0296686004221951;0.097117769481048;0;6.41719836088003;B21;G3-N11;NA;N11;3;NA;plate2;V6;RA;11&12;0.266878743690639
plate2#B24;79.13;85.66;0.080205736396983;0.0030793977846196;0.0232311242443878;0;5.42844752593074;B24;9;NA;9;0;NA;plate2;V6;VFP;9;0.0753156262046485
plate2#B3;77.23;85.15;0.211880412059903;0.0788750656817306;0.145908847601587;0;6.5739872886037;B3;G1-Z09;NA;Z09;1;NA;plate2;V6;VFP;9;0.38321456220541
plate2#B7;77.28;85.09;0.255372039207853;0.11754946300602;0.182840784920711;0;6.10968225806361;B7;6-50%;calib;6-50%;NA;50%;plate2;V6;NA;NA;0.462957132227397
plate2#C12;77.31;85.09;0.236783294810355;0.0980900097442279;0.146215933356701;0;4.99834891091757;C12;G1-Z10;NA;Z10;1;NA;plate2;V6;VFP;10;0.383920053304354
plate2#C23;77.74;85.15;0.528596823139534;0.413940171390371;0.489630596758203;0;5.50888555058505;C23;6-75%;calib;6-75%;NA;75%;plate2;V6;NA;NA;0.759077090270894
plate2#C4;77.4;85.09;0.248125084659378;0.11196401311943;0.194026629968168;0;6.69658193137592;C4;G3-Z08;NA;Z08;3;NA;plate2;V6;DW;8;0.484505642628879
plate2#C7;77.83;85.09;0.21416284982424;0.104891970913214;0.147235330838199;0;5.97750647568221;C7;G6-N08;NA;N08;6;NA;plate2;V6;DW;8;0.386258042808725
plate2#D13;77.34;85.09;0.239673990366022;0.101385987527457;0.177994988778183;0;4.97089014748136;D13;G1-N08;NA;N08;1;NA;plate2;V6;DW;8;0.453199297256802
plate2#D14;77.28;85.09;0.204887848820415;0.0792662480884579;0.161431332274134;0;4.91669168265832;D14;G6-Z09;NA;Z09;6;NA;plate2;V6;VFP;9;0.41810550344442
plate2#D2;77.65;85.57;0.15969818917114;0.043921516017307;0.104938198399528;0;6.8871778501596;D2;G3-N12;NA;N12;3;NA;plate2;V6;RA;11&12;0.285847701174686
plate2#D5;78.11;85.15;0.205193200579956;0.0807388232836655;0.14895197064166;0;6.72200260555236;D5;G1-Z12;NA;Z12;1;NA;plate2;V6;RA;11&12;0.390181100717114
plate2#E19;77.31;85.15;0.263488671763612;0.118539006419397;0.188604944578906;0;6.24647797667336;E19;G3-Z08;NA;Z08;3;NA;plate2;V6;DW;8;0.474230114973086
plate2#E7;77.28;85.09;0.191141949320171;0.0597385515513739;0.115502852661946;0;6.75467499264698;E7;G6-N10;NA;N10;6;NA;plate2;V6;VFP;10;0.31134368914543
plate2#F10;77.28;85.15;0.146559196276863;0.0216572575536907;0.085583142160165;0;5.63787407794664;F10;6-25%;calib;6-25%;NA;25%;plate2;V6;NA;NA;0.238645369406937
plate2#F12;77.31;85.15;0.150466534382222;0.0349651899648803;0.0901591436792321;0;5.72649934593819;F12;6-25%;calib;6-25%;NA;25%;plate2;V6;NA;NA;0.249893032138111
plate2#F14;77.31;85.02;0.233375072062058;0.0827310330052843;0.172623062857393;0;5.27793904653563;F14;G6-Z10;NA;Z10;6;NA;plate2;V6;VFP;10;0.442097959993411
plate2#F16;77.23;85.09;0.244902414739991;0.10311889963519;0.181428540977937;0;5.42277950890394;F16;G1-Z07;NA;Z07;1;NA;plate2;V6;DW;7;0.46013945564246
plate2#F19;77.13;85.15;0.257323841840972;0.1094785182941;0.192893230350302;0;6.36470066485695;F19;G1-N07;NA;N07;1;NA;plate2;V6;DW;7;0.482382997033123
plate2#F21;77.6;85.15;0.250329280402452;0.108251155456022;0.184001413985238;0;5.83556376538018;F21;G1-Z08;NA;Z08;1;NA;plate2;V6;DW;8;0.465256335737084
plate2#F23;77.68;85.37;0.274042068314229;0.154958595564243;0.235691518694118;0;5.98490770219884;F23;G3-N09;NA;N09;3;NA;plate2;V6;VFP;9;0.554970201243698
plate2#F3;77.6;85.41;0.150375933354848;0.0406601018253095;0.0943618882289871;0;6.61422328810756;F3;7;NA;7;0;NA;plate2;V6;DW;7;0.260166497084307
plate2#F4;77.6;85.15;0.24410685552841;0.11881360305746;0.182852223135999;0;6.65742329508316;F4;6-50%;calib;6-50%;NA;50%;plate2;V6;NA;NA;0.462979863888142
plate2#F8;78.63;85.57;0;0;0;0;6.24736764406371;F8;6-0%;calib;6-0%;NA;0%;plate2;V6;NA;NA;0.0102828216652026
plate2#F9;77.74;85.09;0.182865168051357;0.0718838925546598;0.125052386570674;0;5.6346603344479;F9;G1-Z11;NA;Z11;1;NA;plate2;V6;RA;11&12;0.334245141565106
plate2#G11;77;84.08;1;1;1;0;5.40131353427974;G11;6-100%;calib;6-100%;NA;100%;plate2;V6;NA;NA;0.999892748455638
plate2#G17;77.74;85.15;0.225079367369631;0.0939465346118373;0.151815987260226;0;6.03198636681568;G17;G1-Z10;NA;Z10;1;NA;plate2;V6;VFP;10;0.396685246121625
plate2#G24;77.74;85.54;0.244022113303879;0.12920017503419;NA;0;5.46413384125908;G24;G1-Z12;NA;Z12;1;NA;plate2;V6;RA;11&12;NA
plate2#G3;77.88;85.47;0.16646891950498;0.0507256746439751;0.110023302328959;0;6.5973483995158;G3;G3-N12;NA;N12;3;NA;plate2;V6;RA;11&12;0.298135975930324
plate2#H10;78.87;85.39;0.118893198401053;0.042078376814565;NA;0;5.8997633658414;H10;7;NA;7;0;NA;plate2;V6;DW;7;NA
plate2#H11;77.34;85.09;0.190183044763451;0.0654089603359877;0.131898554860129;0;5.72617353216312;H11;G1-N09;NA;N09;1;NA;plate2;V6;VFP;9;0.350515633350812
plate2#H14;78.11;84.44;1;1;1;0;5.19126507884534;H14;6-100%;calib;6-100%;NA;100%;plate2;V6;NA;NA;0.999892748455638
plate2#H17;77.65;85.09;0.247769190699341;0.128211358214077;0.199760848372181;0;5.79972329093791;H17;G3-Z10;NA;Z10;3;NA;plate2;V6;VFP;10;0.495049055760499
plate2#H18;77.74;85.6;0.12480215216883;0.0305536167743226;NA;NA;5.54204682286699;H18;6-25%;calib;6-25%;NA;25%;plate2;V6;NA;NA;NA
plate2#H24;77.68;84.41;1;1;1;0;5.90579007063585;H24;6-100%;calib;6-100%;NA;100%;plate2;V6;NA;NA;0.999892748455638
plate2#H6;78.11;85.15;0.215063762282531;0.0975785725581089;0.154362312108994;0;5.28077598337174;H6;G3-Z11;NA;Z11;3;NA;plate2;V6;RA;11&12;0.402422482120114
plate2#I1;76.91;84.41;1;1;NA;0;6.75489726553545;I1;6-100%;calib;6-100%;NA;100%;plate2;V6;NA;NA;NA
plate2#I15;77.57;85.09;0.259850377160816;0.143396921700392;0.203444261003378;0;4.82769797677363;I15;G3-N09;NA;N09;3;NA;plate2;V6;VFP;9;0.501658053913363
plate2#I22;77.31;85.41;0.255968121388013;0.134786759430436;0.195090972256724;0;5.40198553547362;I22;G3-N08;NA;N08;3;NA;plate2;V6;DW;8;0.486487070635979
plate2#J2;77.77;85.37;0.196641949002923;0.0777893258016533;0.133495233598145;0;7.1888119490249;J2;G6-Z11;NA;Z11;6;NA;plate2;V6;RA;11&12;0.354286709625339
plate2#J6;79.68;85.6;0;0;0;0;6.10263344348413;J6;6-0%;calib;6-0%;NA;0%;plate2;V6;NA;NA;0.0102828216652026
plate2#K12;77.6;85.09;0.191187130830562;0.0839259584273199;0.139696605371697;0;5.20800176667743;K12;G3-N07;NA;N07;3;NA;plate2;V6;DW;7;0.368831764371194
plate2#K17;77.94;85.09;0.192537216229431;0.0706476262496989;0.135001281032389;0;6.06255291983489;K17;G6-Z11;NA;Z11;6;NA;plate2;V6;RA;11&12;0.357834448280266
plate2#K19;77.88;85.15;0.233133868522279;0.117285414791719;0.181890156415594;0;5.75791362584886;K19;G1-Z08;NA;Z08;1;NA;plate2;V6;DW;8;0.461062864607866
plate2#K2;77.77;85.09;0.229746349552629;0.0926087726071745;0.168942717083521;0;7.37397447849888;K2;G6-Z12;NA;Z12;6;NA;plate2;V6;RA;11&12;0.434331039758818
plate2#K20;77.94;85.15;0.227045591265537;0.101675164995412;0.184607173983257;0;5.62900619586805;K20;G6-Z08;NA;Z08;6;NA;plate2;V6;DW;8;0.466450445374083
plate2#K21;77.83;85.09;0.240390305626692;0.133908161386853;0.177184801247984;0;6.29397700193419;K21;G6-N07;NA;N07;6;NA;plate2;V6;DW;7;0.451543631895385
plate2#K23;77.57;85.41;0.220282459679893;0.100405038887749;NA;0;6.17770524780789;K23;G1-N07;NA;N07;1;NA;plate2;V6;DW;7;NA
plate2#L13;78.37;85.47;0;0;NA;0;5.75408652091359;L13;6-0%;calib;6-0%;NA;0%;plate2;V6;NA;NA;NA
plate2#L16;77.57;85.09;0.228981717287641;0.108175461767876;0.184182590330146;0;5.54438011235936;L16;G3-Z12;NA;Z12;3;NA;plate2;V6;RA;11&12;0.465613904815355
plate2#L21;77.51;85.09;0.261594773810083;0.134568396897923;0.204014165960529;0;6.75370816316582;L21;G3-N10;NA;N10;3;NA;plate2;V6;VFP;10;0.502669756496633
plate2#L9;77.74;85.09;0.205106438729622;0.0990062465114157;0.160550687748804;0;4.44988364859617;L9;G3-Z11;NA;Z11;3;NA;plate2;V6;RA;11&12;0.416172487630102
plate2#M11;77.28;85.09;0.232582487210046;0.109532078187605;0.176596525352795;0;5.07896314154046;M11;G6-N09;NA;N09;6;NA;plate2;V6;VFP;9;0.450337231650187
plate2#M13;77.4;85.09;0.224061963345601;0.0724467670031475;NA;0;5.42727281947357;M13;G3-Z07;NA;Z07;3;NA;plate2;V6;DW;7;NA
plate2#M16;77.47;85.09;0.217420712318085;0.0870193268734776;0.153596642207766;0;5.12563049627303;M16;G6-N07;NA;N07;6;NA;plate2;V6;DW;7;0.400701966018148
plate2#M18;77.13;85.02;0.493877647581387;0.363818628740641;0.441574069959623;0;5.13955899212567;M18;6-75%;calib;6-75%;NA;75%;plate2;V6;NA;NA;0.743023471743948
plate2#M19;77.19;85.09;0.258008147458116;0.0955397466593515;NA;0;5.56260418586736;M19;G3-N07;NA;N07;3;NA;plate2;V6;DW;7;NA
plate2#M23;77;85.47;0.214011498899132;0.0731936018675061;0.150404878942726;0;5.9895666492459;M23;G6-N12;NA;N12;6;NA;plate2;V6;RA;11&12;0.393487204292896
plate2#M24;78.18;85.47;0.220278400466967;0.111870763541671;NA;0;5.72395990697932;M24;G1-N10;NA;N10;1;NA;plate2;V6;VFP;10;NA
plate2#M5;77.88;85.37;0.18683747535316;0.0720434623395796;0.124777298461105;0;7.85615462562881;M5;G1-Z11;NA;Z11;1;NA;plate2;V6;RA;11&12;0.333588356552332
plate2#M7;77.6;85.09;0.194445978019397;0.0574601553388613;0.12801820332602;0;4.97716458631398;M7;G6-Z09;NA;Z09;6;NA;plate2;V6;VFP;9;0.34131225987662
plate2#M8;77.4;85.09;0.219515096170426;0.101969824640322;NA;0;4.76589379356751;M8;G6-Z07;NA;Z07;6;NA;plate2;V6;DW;7;NA
plate2#N2;78.63;85.57;0.117130013579091;0.0233641145924031;0.0580203915979411;0;8.1461522205302;N2;8;NA;8;0;NA;plate2;V6;DW;8;0.168994519307722
plate2#N22;77.51;85.6;0.152064230733378;0.0349693927427757;0.0890733998981839;0;6.38223891709511;N22;10;NA;10;0;NA;plate2;V6;VFP;10;0.247230597228077
plate2#N7;77.83;85.09;0.222832001148823;0.0977354605626415;0.152893256370036;0;6.56375812904239;N7;G3-Z12;NA;Z12;3;NA;plate2;V6;RA;11&12;0.399117857158088
plate2#O10;77.65;85.09;0.210996416850745;0.0789887480601384;NA;0;5.43667004868789;O10;G3-Z09;NA;Z09;3;NA;plate2;V6;VFP;9;NA
plate2#O16;77.83;85.09;0.253441045679238;0.139183283955869;0.202402038730162;0;5.92361336194082;O16;6-50%;calib;6-50%;NA;50%;plate2;V6;NA;NA;0.499800469758258
plate2#O19;78.75;85.66;0;0;NA;0;7.06100998747451;O19;6-0%;calib;6-0%;NA;0%;plate2;V6;NA;NA;NA
plate2#O2;77.65;85.39;0.250764542651496;0.112636381239823;0.19196719299957;0;7.87184041185094;O2;G3-Z07;NA;Z07;3;NA;plate2;V6;DW;7;0.480638868834209
plate2#O20;77.65;85.47;0.207918531727879;0.0775065312679858;0.145415919811102;0;6.67374347611337;O20;G1-Z09;NA;Z09;1;NA;plate2;V6;VFP;9;0.382080987920309
plate2#O21;77.65;85.47;0.192320370754294;0.0691655583275233;0.128082168195121;0;6.99431684583422;O21;G1-N09;NA;N09;1;NA;plate2;V6;VFP;9;0.34146438342723
plate2#O4;78.87;85.41;0;0;0;0;7.67660362283378;O4;G6-N11;NA;N11;6;NA;plate2;V6;RA;11&12;0.0102828216652026
plate2#P16;77.34;84.88;0.543938514196485;0.421683758441686;0.506541700826177;0;6.41962798094985;P16;6-75%;calib;6-75%;NA;75%;plate2;V6;NA;NA;0.764315832078657
plate2#P6;77.6;85.41;0.203533912577199;0.0834735874634468;NA;0;7.62541751647235;P6;11&12;NA;11&12;0;NA;plate2;V6;RA;11&12;NA
plate1#A20;77.2;85.45;0.210481252665222;0.0653601335843294;0.140716390227067;0;6.98545326164206;A20;G3-N16;NA;N16;3;NA;plate1;V7;VFP;16;0.263895214103107
plate1#A24;77.95;85.45;0.179607143957391;0.0639957049959573;0.108259983218783;0;6.12161208186176;A24;G1-Z15;NA;Z15;1;NA;plate1;V7;VFP;15;0.225575738881577
plate1#A4;77.58;84.13;1;1;1;0;5.85553445044768;A4;7-100%;calib;7-100%;NA;100%;plate1;V7;NA;NA;1.00399396565563
plate1#A8;77.92;85.13;0.178250992643322;0.0792328933555614;0.128871147956114;0;6.46167773529179;A8;G3-N14;NA;N14;3;NA;plate1;V7;DW;14;0.250699598730147
plate1#B10;79.8;85.45;0;0;0;0;6.30967923365633;B10;7-0%;calib;7-0%;NA;0%;plate1;V7;NA;NA;0.0181184065330504
plate1#B11;77.58;85.22;0.152809359258545;0.0260943011061851;0.0861458741665219;0;6.97680601332412;B11;13;NA;13;0;NA;plate1;V7;DW;13;0.193957384778193
plate1#B14;77.3;85.19;0.206578616503588;0.0661237902673652;0.156187072408826;0;6.83102356638065;B14;G6-Z13;NA;Z13;6;NA;plate1;V7;DW;13;0.280344250093593
plate1#B2;77.64;85.51;0.165240563120221;0.0531872943007034;0.12534332417496;0;7.96261763451746;B2;15;NA;15;0;NA;plate1;V7;VFP;15;0.246623099685887
plate1#B23;77.67;85.69;0.0593350565406766;-0.0120672358388306;NA;0;6.30854935569102;B23;15;NA;15;0;NA;plate1;V7;VFP;15;NA
plate1#B3;77.5;85.19;0.199475802680997;0.0431769919220829;0.124142205088639;0;6.29984055088516;B3;G3-Z14;NA;Z14;3;NA;plate1;V7;DW;14;0.245216901465774
plate1#B7;77.58;84.07;1;1;1;0;7.05411808568809;B7;7-100%;calib;7-100%;NA;100%;plate1;V7;NA;NA;1.00399396565563
plate1#C19;77.54;85.19;0.198840462829357;0.0715925383690686;0.134845562629992;0;6.65790543644368;C19;G1-N16;NA;N16;1;NA;plate1;V7;VFP;16;0.257439534984676
plate1#C2;77.75;85.19;0.178125055561121;0.0526437933488412;0.108021638853849;0;7.78116176458503;C2;G6-Z16;NA;Z16;6;NA;plate1;V7;VFP;16;0.225264078533606
plate1#C24;80.41;85.69;0;0;0;0;6.61590435167247;C24;7-0%;calib;7-0%;NA;0%;plate1;V7;NA;NA;0.0181184065330504
plate1#C4;77.2;85.19;0.169425327591602;0.0381535028674169;0.100945358590281;0;7.90246371404508;C4;G1-Z17;NA;Z17;1;NA;plate1;V7;RA;17&18;0.215745906670418
plate1#C6;77.67;85.19;0.162945104692082;0.0688312744264203;0.115352006692347;NA;7.47532324432483;C6;G1-Z13;NA;Z13;1;NA;plate1;V7;DW;13;0.234606313612005
plate1#C7;77.75;85.13;0.204256344638442;0.0778163977526673;0.138193439257415;0;6.92451061271223;C7;7-25%;calib;7-25%;NA;25%;plate1;V7;NA;NA;0.261138913456393
plate1#C9;77.38;84.98;0.465698217924919;0.334018509997595;0.427796596784487;0;6.11558242251638;C9;7-50%;calib;7-50%;NA;50%;plate1;V7;NA;NA;0.506209828445457
plate1#D19;77.81;85.22;0.171819675570382;0.0477838594048115;0.112144013557252;0;6.79235286019453;D19;G1-Z14;NA;Z14;1;NA;plate1;V7;DW;14;0.230578076523754
plate1#D2;78.65;85.19;0.0766512227523399;0.0119239525522341;0.0317621181608372;0;6.61984109042835;D2;G6-N18;NA;N18;6;NA;plate1;V7;RA;17&18;0.0895707723468865
plate1#D23;77.11;84.07;1;1;1;0;6.76434293230525;D23;7-100%;calib;7-100%;NA;100%;plate1;V7;NA;NA;1.00399396565563
plate1#E11;77.75;85.19;0.112056772601622;0.0121127958066352;0.0583954029879372;0;6.95475786005521;E11;G6-N17;NA;N17;6;NA;plate1;V7;RA;17&18;0.144925328339761
plate1#E12;77.35;85.13;0.204704957513223;0.0803657394469723;0.148303954595587;0;6.60604265713012;E12;G1-N15;NA;N15;1;NA;plate1;V7;VFP;15;0.272046564964753
plate1#E14;77.58;85.22;0;0;0;0;6.1759561054036;E14;7-0%;calib;7-0%;NA;0%;plate1;V7;NA;NA;0.0181184065330504
plate1#E16;77.54;85.22;0.128885096127285;0.0186485927961967;0.0744529809417482;0;6.84684933672049;E16;G6-N18;NA;N18;6;NA;plate1;V7;RA;17&18;0.174621529090266
plate1#E18;77.5;85.45;0.166463438952585;0.0423012127077553;0.0945216031620597;0;7.32263323896519;E18;14;NA;14;0;NA;plate1;V7;DW;14;0.206623965296099
plate1#E2;77.54;85.19;0.200569703549998;0.0624383914500559;0.126367010184681;0;7.25580532955419;E2;G6-Z14;NA;Z14;6;NA;plate1;V7;DW;14;0.247814065738134
plate1#E22;77.75;85.19;0.221352829080871;0.0950906314111684;0.165457274850346;0;6.44095563533755;E22;7-25%;calib;7-25%;NA;25%;plate1;V7;NA;NA;0.289960720731227
plate1#E6;77.67;84.66;0.825980376979417;0.774243595448644;0.814241276683449;0;6.99711217551414;E6;7-75%;calib;7-75%;NA;75%;plate1;V7;NA;NA;0.762478723374034
plate1#E8;77.64;85.19;0.167417219354503;0.050717515492988;0.106889695830709;0;6.76874968648763;E8;G3-Z18;NA;Z18;3;NA;plate1;V7;RA;17&18;0.223776284557845
plate1#F17;77.7;85.19;0.188045146508268;0.0595355001332069;0.131913862448609;0;6.91819560740413;F17;G3-Z13;NA;Z13;3;NA;plate1;V7;DW;13;0.254156075265001
plate1#F23;76.97;85.57;0.187167272120219;0.0565398047461863;0.114611525504314;0;6.77503477649318;F23;14;NA;14;0;NA;plate1;V7;DW;14;0.233684443944709
plate1#F5;77.58;85.19;0.129208592254184;0.0282557183264262;0.0838475334151828;NA;7.58657652860164;F5;G6-N16;NA;N16;6;NA;plate1;V7;VFP;16;0.190315588566422
plate1#G10;77.64;85.19;0.184494917708917;0.0669071790887547;0.124197354204447;0;6.43332493201181;G10;G3-Z15;NA;Z15;3;NA;plate1;V7;VFP;15;0.245281679256829
plate1#G16;77.5;85.19;0.161865049611439;0.01645192654958;0.0876672645584238;0;6.73263443749187;G16;G6-Z17;NA;Z17;6;NA;plate1;V7;RA;17&18;0.196327507274382
plate1#G19;77.64;85.22;0.188767712877395;0.0584566332377932;NA;0;6.45524421936208;G19;G6-Z15;NA;Z15;6;NA;plate1;V7;VFP;15;NA
plate1#G22;77.44;85.51;0.172644231703112;0.0370227359040109;0.099610344824466;0;6.40315649998516;G22;G1-Z18;NA;Z18;1;NA;plate1;V7;RA;17&18;0.213889643274805
plate1#G23;77.67;85.19;0.222496857218495;0.0988391808904419;NA;0;5.94118196163;G23;7-25%;calib;7-25%;NA;25%;plate1;V7;NA;NA;NA
plate1#G8;77.88;85.19;0.146915726693964;0.031119651733911;0.0924404915488377;0;6.25456258989687;G8;G1-Z18;NA;Z18;1;NA;plate1;V7;RA;17&18;0.203561850875364
plate1#H1;77.7;85.13;0.222342258559375;0.103380891178655;NA;0;7.69503388267917;H1;7-25%;calib;7-25%;NA;25%;plate1;V7;NA;NA;NA
plate1#H10;77.2;85.19;0.138357106689959;0.0135625292123034;0.0770738693893681;0;6.81427962637043;H10;G3-N18;NA;N18;3;NA;plate1;V7;RA;17&18;0.179133353707511
plate1#H4;77.58;85.1;0.453686223277049;0.336480752066581;0.424793741993742;0;5.95385799578857;H4;7-50%;calib;7-50%;NA;50%;plate1;V7;NA;NA;0.504527807655042
plate1#H6;77.81;84.93;0.809642380439638;0.754059703470492;NA;0;5.6705911465918;H6;7-75%;calib;7-75%;NA;75%;plate1;V7;NA;NA;NA
plate1#H9;77.5;85.19;0.163606194630775;0.0226092696640868;0.101455158641554;0;6.25323020834512;H9;G6-N13;NA;N13;6;NA;plate1;V7;DW;13;0.216449490811562
plate1#I13;77.38;85.19;0.142941074338651;0.0244891289041868;0.0784514787168262;0;7.12966285402487;I13;7-50%;calib;7-50%;NA;50%;plate1;V7;NA;NA;0.181463569779871
plate1#I14;77.75;85.22;0.173783605620874;0.0681100660520647;0.119833000088367;0;6.54466220925345;I14;G3-N13;NA;N13;3;NA;plate1;V7;DW;13;0.240088865482623
plate1#I19;77.81;85.22;0.183065089190407;0.0575717751472054;0.125272305440889;0;6.78104602642161;I19;G1-N13;NA;N13;1;NA;plate1;V7;DW;13;0.246540222393559
plate1#I24;77.75;84.98;0.834177375608476;0.790336674529149;NA;0;6.6792143365632;I24;7-75%;calib;7-75%;NA;75%;plate1;V7;NA;NA;NA
plate1#I3;77.64;85.19;0.189983412057281;0.0608449394945111;0.118024055193705;0;6.32239438782591;I3;G6-N14;NA;N14;6;NA;plate1;V7;DW;14;0.237894938550853
plate1#J11;77.5;85.19;0.188323297874337;0.0608258653633361;0.122181339220122;0;5.87477689351457;J11;G1-Z15;NA;Z15;1;NA;plate1;V7;VFP;15;0.242899998635223
plate1#J13;77.64;84.72;0.844754128467779;0.798650858793497;0.835346919226206;0;7.07839320311366;J13;7-75%;calib;7-75%;NA;75%;plate1;V7;NA;NA;0.78774666983547
plate1#J16;77.04;84.75;1;1;1;0;5.9983564330279;J16;7-100%;calib;7-100%;NA;100%;plate1;V7;NA;NA;1.00399396565563
plate1#J17;77.88;85.19;0.143729215651795;0.0305490880710226;0.0781541606118571;0;6.57287809249486;J17;G3-Z17;NA;Z17;3;NA;plate1;V7;RA;17&18;0.180963106588271
plate1#J20;80.46;85.51;0;0;0;0;6.85693482073764;J20;G3-N17;NA;N17;3;NA;plate1;V7;RA;17&18;0.0181184065330504
plate1#J23;77.38;85.22;0.169824810148272;0.0392578943611181;0.103169263340518;0;6.93574323352307;J23;G1-N17;NA;N17;1;NA;plate1;V7;RA;17&18;0.218794240730904
plate1#K18;77.38;85.22;0.181108357780474;0.0521735660765247;0.107262702613876;0;6.31022346204491;K18;G6-N13;NA;N13;6;NA;plate1;V7;DW;13;0.22426796085423
plate1#K19;77.7;85.1;0.439055076553049;0.307879653320196;0.39741440017583;0;6.39870602343752;K19;7-50%;calib;7-50%;NA;50%;plate1;V7;NA;NA;0.488438339937338
plate1#K22;78.25;85.22;0.153026204016103;0.0433794904164089;0.0985008565317115;0;7.39213569148244;K22;G3-N15;NA;N15;3;NA;plate1;V7;VFP;15;0.212331528118958
plate1#K8;77.7;85.19;0.154062580931367;0.0273252992630735;0.0823135058797704;0;6.14166453927444;K8;G6-Z18;NA;Z18;6;NA;plate1;V7;RA;17&18;0.187842847250376
plate1#L11;80.06;85.22;0;0;0;0;6.76510577252011;L11;7-0%;calib;7-0%;NA;0%;plate1;V7;NA;NA;0.0181184065330504
plate1#L2;77.75;85.51;0.119323005746299;0.00534390180354824;0.0521592896584293;0;9.08526069895667;L2;G6-N17;NA;N17;6;NA;plate1;V7;RA;17&18;0.132553966658972
plate1#L5;77.54;85.19;0.160239292600304;0.0389107184921765;0.0973549004812157;0;5.74364604128611;L5;16;NA;16;0;NA;plate1;V7;VFP;16;0.21070720282586
plate1#L9;77.7;85.19;0.146763043010487;0.0195115538209135;0.0853186967504686;0;5.29856099239394;L9;G6-N15;NA;N15;6;NA;plate1;V7;VFP;15;0.192655279835673
plate1#M12;80.06;85.22;0;0;0;0;6.76863520292597;M12;7-0%;calib;7-0%;NA;0%;plate1;V7;NA;NA;0.0181184065330504
plate1#M19;77.64;85.19;0.189678163972019;0.0737297880724224;0.122420783397965;0;5.8576267957429;M19;G1-Z16;NA;Z16;1;NA;plate1;V7;VFP;16;0.243184368495975
plate1#M22;78.59;85.45;0;0;0;0;7.55083234441627;M22;7-0%;calib;7-0%;NA;0%;plate1;V7;NA;NA;0.0181184065330504
plate1#M3;78.25;85.19;0.153504529776846;0.0457694695578035;0.095760930996602;0;8.17847725296359;M3;G6-Z13;NA;Z13;6;NA;plate1;V7;DW;13;0.208421980424163
plate1#M5;77.75;85.19;0.181863842460884;0.0575870136596508;0.11232230444033;0;8.56276462708442;M5;G3-N16;NA;N16;3;NA;plate1;V7;VFP;16;0.230804341069603
plate1#M8;77.95;85.19;0.182651140968124;0.0818210410558528;0.131837829774255;0;5.37723478631792;M8;17&18;NA;17&18;0;NA;plate1;V7;RA;17&18;0.254070328555032
plate1#N10;77.7;84.69;0.815723390398249;0.765686892606556;0.804534183203713;0;5.51670395383613;N10;7-75%;calib;7-75%;NA;75%;plate1;V7;NA;NA;0.751505582281575
plate1#N12;77.7;85.19;0.177369695756872;0.0594150169237479;0.110423760800821;0;6.68258441045359;N12;G1-Z13;NA;Z13;1;NA;plate1;V7;DW;13;0.228380012598273
plate1#N16;77.75;85.19;0.154781771107553;0.0302940428433191;0.0807484368375562;0;6.32849365777913;N16;G3-Z18;NA;Z18;3;NA;plate1;V7;RA;17&18;0.185284581451177
plate1#N2;77.67;85.57;0.174971675067347;0.0486403357798089;0.10749675991559;0;8.33683850933237;N2;G3-Z15;NA;Z15;3;NA;plate1;V7;VFP;15;0.224575773479086
plate1#N23;78.01;85.51;0.147374225532587;0.0248637910488223;0.0789943371078155;0;6.66931869965834;N23;G3-N15;NA;N15;3;NA;plate1;V7;VFP;15;0.182373845807503
plate1#N24;77.23;84.13;1;1;1;0;6.88345933879678;N24;7-100%;calib;7-100%;NA;100%;plate1;V7;NA;NA;1.00399396565563
plate1#N8;77.11;85.22;1;1;1;0;5.92732254713812;N8;7-100%;calib;7-100%;NA;100%;plate1;V7;NA;NA;1.00399396565563
plate1#O17;80.38;85.45;0;0;0;0;6.12660506091514;O17;G3-N18;NA;N18;3;NA;plate1;V7;RA;17&18;0.0181184065330504
plate1#O21;77.2;85.51;0.127658243714439;0.0185671501065968;0.0809480331064032;NA;8.00615533030971;O21;G3-N17;NA;N17;3;NA;plate1;V7;RA;17&18;0.18561286075913
plate1#O22;78.07;85.54;0.157816406233459;0.0485299810112201;NA;0;6.50978844531325;O22;G6-Z17;NA;Z17;6;NA;plate1;V7;RA;17&18;NA
plate1#O23;77.67;85.45;0.197642764500749;0.0791009634429028;0.141301060805619;0;6.81198420219448;O23;G3-Z16;NA;Z16;3;NA;plate1;V7;VFP;16;0.264530391604211
plate1#O8;77.58;85.19;0.159644330297649;0.027871003422412;0.0850580425691485;0;6.83532331582701;O8;G1-N18;NA;N18;1;NA;plate1;V7;RA;17&18;0.192242980321458
plate1#P14;77.7;85.19;0.199078758372199;0.0739250928835611;0.136247083054975;0;7.79349089629295;P14;G3-Z14;NA;Z14;3;NA;plate1;V7;DW;14;0.258994349778257
plate1#P18;77.64;85.13;0.194923308242138;0.0646882458896018;0.130500179433281;0;7.74849598009026;P18;G3-N14;NA;N14;3;NA;plate1;V7;DW;14;0.252556632712527
plate1#P24;77.75;85.03;0.186770889799569;0.0652718547043191;0.128291797674135;0;7.52877383585033;P24;G6-N15;NA;N15;6;NA;plate1;V7;VFP;15;0.250035417133707
plate1#P5;77.67;85.22;0.187229559388161;0.0637831637159461;0.125492707649567;0;8.13229090230767;P5;G1-N14;NA;N14;1;NA;plate1;V7;DW;14;0.246797318677312
plate1#P9;77.75;84.69;0.818394963381025;0.768293898144136;0.806954981817836;0;8.29149438950191;P9;7-75%;calib;7-75%;NA;75%;plate1;V7;NA;NA;0.754203292450235
plate2#A21;77.4;85.41;0.179955962328473;0.0502741603510591;NA;0;5.63284644947728;A21;G6-N16;NA;N16;6;NA;plate2;V7;VFP;16;NA
plate2#A24;76.53;84.03;0.910627168977371;0.9613793263925;0.933276779680074;8.79393069717617;5.08120911347758;A24;7-100%;calib;7-100%;NA;100%;plate2;V7;NA;NA;0.918629434888424
plate2#A9;77.68;85.02;0.17776390527174;0.0494568431931746;0.111853683814464;0;5.82514992737053;A9;G1-N16;NA;N16;1;NA;plate2;V7;VFP;16;0.230209010190529
plate2#B1;77.23;85.39;0.206374320286249;0.0584058795436988;0.144724756346317;0;6.24997675923892;B1;G1-Z14;NA;Z14;1;NA;plate2;V7;DW;14;0.268225059697761
plate2#B18;77.57;85.02;0.460723624081274;0.337159065028598;0.417113136853174;0;5.76265672294318;B18;7-50%;calib;7-50%;NA;50%;plate2;V7;NA;NA;0.50016079293504
plate2#C1;77.57;85.02;0.452602677780702;0.318839099275525;0.416155659637854;0;6.23507526232789;C1;7-50%;calib;7-50%;NA;50%;plate2;V7;NA;NA;0.49960929434868
plate2#C10;78.15;85.09;0.152611252938107;0.0463554263283241;0.095857286547344;0;5.43966366925066;C10;G3-Z14;NA;Z14;3;NA;plate2;V7;DW;14;0.208560988748755
plate2#C2;77.65;85;0.84840885584728;0.788065302647434;NA;0;6.69086655023603;C2;7-75%;calib;7-75%;NA;75%;plate2;V7;NA;NA;NA
plate2#C20;77.68;85.54;0.166693248298359;0.0547568607997291;0.116157003866322;0;5.93236838006568;C20;G1-N14;NA;N14;1;NA;plate2;V7;DW;14;0.235603250200261
plate2#D1;77.77;85.02;0.429522201634217;0.310103352216358;0.388993759404061;0;7.06039925816191;D1;7-50%;calib;7-50%;NA;50%;plate2;V7;NA;NA;0.483153856080813
plate2#D18;77.13;85.41;0.205813648201022;0.060015080538766;0.164971911443951;0;5.69459878147095;D18;G1-Z16;NA;Z16;1;NA;plate2;V7;VFP;16;0.289459751224371
plate2#D20;77.13;85.54;0.169614618542221;0.0166389536197029;NA;0;5.91105551957913;D20;G6-N13;NA;N13;6;NA;plate2;V7;DW;13;NA
plate2#D22;77.6;85.6;0.181682704649181;0.0575850060869628;0.126569981949475;0;5.76634723164199;D22;G3-N13;NA;N13;3;NA;plate2;V7;DW;13;0.248049403519301
plate2#D4;77.57;85.09;0.197086082235654;0.0734638694222461;0.138464867571394;0;6.52954653098698;D4;7-25%;calib;7-25%;NA;25%;plate2;V7;NA;NA;0.261436689435625
plate2#D6;77.31;85.39;0.179931562496278;0.0478159129554957;0.120868842397636;0;6.55289267015012;D6;G3-N14;NA;N14;3;NA;plate2;V7;DW;14;0.241333873756571
plate2#E1;77.77;85.37;0.184031513824049;0.0685060864122494;0.116153490045943;0;7.08560938007105;E1;G3-Z16;NA;Z16;3;NA;plate2;V7;VFP;16;0.23559891031803
plate2#E10;77.28;85.09;0.164261315704805;0.0458062385687308;0.0999805687940219;NA;5.79657346529051;E10;G3-Z13;NA;Z13;3;NA;plate2;V7;DW;13;0.214406435367049
plate2#E16;77.47;85.41;0.169265829720083;0.0461035322108119;0.097864057263671;0;5.62433501019133;E16;G1-Z18;NA;Z18;1;NA;plate2;V7;RA;17&18;0.21143080150942
plate2#E21;77.68;85.47;0.175844895801122;0.0513300042138373;0.113543877883524;0;5.86274917154725;E21;G1-N14;NA;N14;1;NA;plate2;V7;DW;14;0.2323469569175
plate2#E4;77.74;85.37;0.164499852611556;0.0546065800085171;0.100994506312796;0;6.63145461949196;E4;G1-Z13;NA;Z13;1;NA;plate2;V7;DW;13;0.215813862080449
plate2#E5;77.28;85.15;0.174105875345197;0.0172621142493619;0.0940921484253938;0;6.75512760013489;E5;G6-Z18;NA;Z18;6;NA;plate2;V7;RA;17&18;0.20599650682107
plate2#E8;77.74;85.09;0.176858323695904;0.0603747387507155;0.108156685553203;0;6.35261558426063;E8;G1-Z15;NA;Z15;1;NA;plate2;V7;VFP;15;0.225440734643818
plate2#F1;77.97;85.37;0.136699130864867;0.0317885976103404;0.0930557299142431;0;7.02387337321859;F1;G1-N18;NA;N18;1;NA;plate2;V7;RA;17&18;0.204472770067887
plate2#F11;77.07;84.03;1;1;NA;0;5.76849164676281;F11;7-100%;calib;7-100%;NA;100%;plate2;V7;NA;NA;NA
plate2#F18;78.81;85.47;0;0;0;0;6.34672477687985;F18;G3-N17;NA;N17;3;NA;plate2;V7;RA;17&18;0.0181184065330504
plate2#F24;80.54;85.66;0;0;0;0;6.24862642264968;F24;7-0%;calib;7-0%;NA;0%;plate2;V7;NA;NA;0.0181184065330504
plate2#F6;77.4;85.39;0.162835501486735;0.0375094921331342;0.088750108305868;0;6.6663992574101;F6;14;NA;14;0;NA;plate2;V7;DW;14;0.19799517692582
plate2#G12;77.13;84.94;0.839513365879972;0.776101689293934;NA;0;5.50828898397249;G12;7-75%;calib;7-75%;NA;75%;plate2;V7;NA;NA;NA
plate2#G18;77.34;85.47;0.164746566589121;0.0315636723030087;NA;0;5.92466426355078;G18;G6-N15;NA;N15;6;NA;plate2;V7;VFP;15;NA
plate2#G19;78.21;85.47;0.152687087227209;0.0370183261197268;0.0864643542391321;0;5.72060278019242;G19;G6-N14;NA;N14;6;NA;plate2;V7;DW;14;0.194456177369455
plate2#G20;78.25;85.41;0.162423851135037;0.0584390546557602;0.110997607235549;0;5.52845189897131;G20;G6-Z16;NA;Z16;6;NA;plate2;V7;VFP;16;0.229116283803459
plate2#G21;77.6;85.41;0.210446175267073;0.0746445376973343;0.143441555657209;0;5.2566040946696;G21;7-25%;calib;7-25%;NA;25%;plate2;V7;NA;NA;0.266845079445431
plate2#G23;77.88;85.6;0.188073889726802;0.0541894210752551;0.110635931112845;0;5.69830869431224;G23;G3-N13;NA;N13;3;NA;plate2;V7;DW;13;0.228652594467787
plate2#G5;77.65;85.37;0.175471322853058;0.0629392551276475;NA;0;5.47910501438644;G5;17&18;NA;17&18;0;NA;plate2;V7;RA;17&18;NA
plate2#H1;77.88;85.15;0.164387692777256;0.0295342212171238;0.0945736032904038;0;7.4003523968272;H1;G1-N13;NA;N13;1;NA;plate2;V7;DW;13;0.206699785674447
plate2#H12;78.18;85.41;0.144714223710443;0.0394016395506134;0.114219429169498;0;5.69637618702291;H12;16;NA;16;0;NA;plate2;V7;VFP;16;0.233194397732584
plate2#H19;78.25;85.47;0.159516193922529;0.0524521279182572;NA;0;5.62174835263957;H19;G3-Z16;NA;Z16;3;NA;plate2;V7;VFP;16;NA
plate2#H2;80.36;85.54;0;0;NA;0;7.29404434163635;H2;G6-N17;NA;N17;6;NA;plate2;V7;RA;17&18;NA
plate2#H21;77.65;85.47;0.154007901821311;0.0245386266013877;NA;0;5.32687918095994;H21;G6-Z18;NA;Z18;6;NA;plate2;V7;RA;17&18;NA
plate2#H23;77.88;85.41;0.188296980058362;0.0795566211590627;NA;0;6.05186408691076;H23;G6-Z14;NA;Z14;6;NA;plate2;V7;DW;14;NA
plate2#H4;78.72;85.47;0;0;0;0;5.55183230787217;H4;G1-N17;NA;N17;1;NA;plate2;V7;RA;17&18;0.0181184065330504
plate2#H5;77.68;85.15;0.169737481548065;0.0555532675409792;0.106856092857376;0;4.92037201145832;H5;G6-Z14;NA;Z14;6;NA;plate2;V7;DW;14;0.223731922640866
plate2#H8;77.65;85.02;0.443152326787268;0.319378068782697;0.40489133382574;0;5.65143502748891;H8;7-50%;calib;7-50%;NA;50%;plate2;V7;NA;NA;0.492986741809352
plate2#I24;78.03;85.6;0.146293912528105;0.0295921834285974;0.0829909392840644;0;5.74019907207661;I24;15;NA;15;0;NA;plate2;V7;VFP;15;0.188939025992131
plate2#I7;77.51;85.57;0.148501743319106;0.034781876057493;0.105750972605136;0;5.5523157151467;I7;13;NA;13;0;NA;plate2;V7;DW;13;0.222266608469826
plate2#I9;77.83;85.15;0.153333953616165;0.0370909831419745;0.0906767930790568;0;5.76367989073615;I9;G3-Z17;NA;Z17;3;NA;plate2;V7;RA;17&18;0.200923657740364
plate2#J1;77.6;85.37;0.179317872020871;0.0362376589653141;0.127495856761564;0;7.17203783182039;J1;G6-Z15;NA;Z15;6;NA;plate2;V7;VFP;15;0.249119624533264
plate2#J10;77.65;85.09;0.168938498468501;0.0478332056585574;0.108909829650327;0;6.37492233854377;J10;G3-N16;NA;N16;3;NA;plate2;V7;VFP;16;0.226422667699761
plate2#J13;77.4;85.09;0.190847195808114;0.0647974371162457;0.120426755450693;0;5.68980819591977;J13;G6-N14;NA;N14;6;NA;plate2;V7;DW;14;0.240803502337654
plate2#J16;77.44;85.15;0.150486121391964;0.0434202103468286;0.106182996436349;NA;5.08492731445495;J16;G6-Z13;NA;Z13;6;NA;plate2;V7;DW;13;0.222840918324037
plate2#J21;77;85.02;0.825376860198722;0.765277884968395;0.812342993421271;0;5.87806584657378;J21;7-75%;calib;7-75%;NA;75%;plate2;V7;NA;NA;0.760300121261621
plate2#J23;77.4;85.54;0.132673014629794;0.0298802636133574;0.0878471724567974;NA;6.12293571091562;J23;G6-N16;NA;N16;6;NA;plate2;V7;VFP;16;0.196605681056522
plate2#J24;78.11;85.47;0.205155748584915;0.106178619885332;0.163238073152976;0;5.71838696134577;J24;7-25%;calib;7-25%;NA;25%;plate2;V7;NA;NA;0.287668210493523
plate2#J5;77.6;85.09;0.204934129261109;0.0753359262484401;0.137421189453227;0;5.56312920947822;J5;7-25%;calib;7-25%;NA;25%;plate2;V7;NA;NA;0.260289993252159
plate2#J8;77.68;85.15;0.169086298161952;0.0425347215536613;0.119636100131279;0;5.63344819861833;J8;G1-Z14;NA;Z14;1;NA;plate2;V7;DW;14;0.239851288617331
plate2#K10;77.65;85.37;0.0446457268611697;-0.00606380496629889;0.00522761560983024;0;5.39815276773887;K10;G6-N18;NA;N18;6;NA;plate2;V7;RA;17&18;0.0300441791390044
plate2#K13;77.81;85.09;0.169473334685866;0.0611804920495316;0.111113957430876;0;5.72940156189118;K13;G1-Z16;NA;Z16;1;NA;plate2;V7;VFP;16;0.2292651933302
plate2#K15;77.4;85.15;0.190977718153047;0.058015216547436;0.124596956662906;0;5.32192871458139;K15;G1-N15;NA;N15;1;NA;plate2;V7;VFP;15;0.245750434415688
plate2#K16;78.72;85.41;0;0;0;0;5.76133918161358;K16;G3-N18;NA;N18;3;NA;plate2;V7;RA;17&18;0.0181184065330504
plate2#K18;77.23;85.37;0.194031507736875;0.05701451559352;NA;0;5.89575208879208;K18;G1-N16;NA;N16;1;NA;plate2;V7;VFP;16;NA
plate2#K24;78.34;85.54;0.14884429109124;0.0354575555360134;0.0783825993113393;0;5.60059615053614;K24;G3-N15;NA;N15;3;NA;plate2;V7;VFP;15;0.18134774855087
plate2#K3;77.77;85.41;0.151035172185217;0.038922814477893;0.0923298217964156;0;7.35597670303348;K3;16;NA;16;0;NA;plate2;V7;VFP;16;0.203397483409154
plate2#K6;78.75;85.54;0;0;0;0;7.15760506581923;K6;7-0%;calib;7-0%;NA;0%;plate2;V7;NA;NA;0.0181184065330504
plate2#M17;77.51;85.09;0.176125017299933;0.0634562937190198;0.115851203405665;0;4.98556706815793;M17;G6-Z16;NA;Z16;6;NA;plate2;V7;VFP;16;0.235225174882369
plate2#M2;77.81;85.37;0.168738774268571;0.0458135542002602;0.106865942980648;0;7.88055224223841;M2;G6-Z15;NA;Z15;6;NA;plate2;V7;VFP;15;0.223744927734109
plate2#M22;77.65;85.41;0.174528975569078;0.0540528755837138;0.105249591995659;0;6.42207240688644;M22;G3-Z17;NA;Z17;3;NA;plate2;V7;RA;17&18;0.221597700994405
plate2#N10;79.13;85.54;0;0;0;0;4.62917260315994;N10;7-0%;calib;7-0%;NA;0%;plate2;V7;NA;NA;0.0181184065330504
plate2#N18;77.44;85.39;0.200109936034838;0.0950761142459579;0.147913513120973;0;5.0192995702465;N18;G1-N15;NA;N15;1;NA;plate2;V7;VFP;15;0.271631550390488
plate2#N19;77.07;84.5;1;1;1;0;6.43323787659449;N19;7-100%;calib;7-100%;NA;100%;plate2;V7;NA;NA;1.00399396565563
plate2#N6;77.65;85.41;0.162085331155986;0.0357150477496566;0.0972001477850076;0;7.95982822883852;N6;G6-Z17;NA;Z17;6;NA;plate2;V7;RA;17&18;0.210486666946253
plate2#O11;77.74;85.39;0.129393574941422;0.0269609732335405;0.076517978299319;0;5.34463509939458;O11;G1-N17;NA;N17;1;NA;plate2;V7;RA;17&18;0.178184932928775
plate2#O12;77.6;85.57;0.139654476706895;0.0243805341561838;0.071983239653637;0;5.98356945817607;O12;13;NA;13;0;NA;plate2;V7;DW;13;0.170278249207075
plate2#O14;77.65;85.41;0.185756375733211;0.064466190539053;0.117964988251387;0;5.68697802495889;O14;G3-Z15;NA;Z15;3;NA;plate2;V7;VFP;15;0.237822868417968
plate2#O22;77.57;85.09;0.454508865995501;0.334690317236248;0.427874794653856;0;6.25506485054063;O22;7-50%;calib;7-50%;NA;50%;plate2;V7;NA;NA;0.506253454276575
plate2#O8;77.81;85.09;0.216984930290775;0.0962137185680177;0.15966896498023;0;6.25081690469039;O8;7-25%;calib;7-25%;NA;25%;plate2;V7;NA;NA;0.283969611581666
plate2#P11;78.75;85.09;0.122269486652617;0.0386243610165836;NA;0;7.00235355231617;P11;G3-Z18;NA;Z18;3;NA;plate2;V7;RA;17&18;NA
plate2#P15;77.23;85.09;0.184581704983082;0.0356542040737157;0.140655817438676;0;6.31742448832109;P15;G1-Z17;NA;Z17;1;NA;plate2;V7;RA;17&18;0.263829334276435
plate2#P21;77.51;85.41;0.199651521257501;0.0501290711649822;0.135309557374159;0;6.83289662261814;P21;17&18;NA;17&18;0;NA;plate2;V7;RA;17&18;0.257955298987066
plate2#P3;77.4;85.37;0.180502726199129;0.0424423486500444;0.119602807238017;0;8.62578889784577;P3;G1-Z17;NA;Z17;1;NA;plate2;V7;RA;17&18;0.239811088593236
plate2#P4;77.34;85.37;0.165854633731608;0.0340017620900096;NA;0;8.47655338335655;P4;G1-N18;NA;N18;1;NA;plate2;V7;RA;17&18;NA
plate1#A1;77.81;85.13;0.205684033087202;0.0750455568099986;0.134254460835002;0;8.1751526273213;A1;21;NA;21;0;NA;plate1;V8;VFP;21;0.211037367433375
plate1#A19;77.88;85.1;0.219176958249854;0.111065498654036;0.164173696492618;0;7.42311011079494;A19;G1-Z22;NA;Z22;1;NA;plate1;V8;VFP;22;0.249622030914229
plate1#A21;77.75;85.22;0.289402601064039;0.169254906994275;0.233333261396628;0;5.53581810627865;A21;G6-Z21;NA;Z21;6;NA;plate1;V8;VFP;21;0.331042724299097
plate1#A22;77.7;85.19;0.294297622060547;0.162127559798825;0.227290336852917;0;6.09010954240051;A22;G6-Z21;NA;Z21;6;NA;plate1;V8;VFP;21;0.324161385251877
plate1#A23;78.32;85.19;0.237641281404626;0.12086787490497;0.18088373880531;0;6.14978884509215;A23;8-25%;calib;8-25%;NA;25%;plate1;V8;NA;NA;0.269879983640912
plate1#A6;73.36;84.98;0.269968146790207;0.117685494995274;NA;NA;7.99613082748621;A6;G1-N22;NA;N22;1;NA;plate1;V8;VFP;22;NA
plate1#A7;79.31;85.19;0;0;0;0;8.00828622032166;A7;8-0%;calib;8-0%;NA;0%;plate1;V8;NA;NA;0.00259428802006187
plate1#B13;77.38;85.19;0.233730476454723;0.102797063076527;0.172498593255058;0;6.91611534328879;B13;G3-N23;NA;N23;3;NA;plate1;V8;RA;23&24;0.259789616162249
plate1#B15;77.2;84.98;0.244075683910994;0.101184825461214;0.181250853790841;0;6.46127387870745;B15;G3-Z21;NA;Z21;3;NA;plate1;V8;VFP;21;0.270319047805482
plate1#B18;77.1;85.1;0.840390681696764;0.792777701230473;0.829745336824639;0;6.73207985380625;B18;8-75%;calib;8-75%;NA;75%;plate1;V8;NA;NA;0.757508032508475
plate1#C1;77.81;85.22;0.215583105782736;0.0979706015938565;NA;0;7.34371374725567;C1;G1-N23;NA;N23;1;NA;plate1;V8;RA;23&24;NA
plate1#C12;77.1;84.13;1;1;1;0;6.6083823789656;C12;8-100%;calib;8-100%;NA;100%;plate1;V8;NA;NA;0.997426075433471
plate1#C14;77.35;85.19;0.218209565278527;0.0855200702201555;0.153006785533984;0;5.80594178236175;C14;G1-Z24;NA;Z24;1;NA;plate1;V8;RA;23&24;0.235650344079921
plate1#C15;77.92;85.13;0.22346408594184;0.102650940905929;0.15520949264867;0;5.41614596551295;C15;8-25%;calib;8-25%;NA;25%;plate1;V8;NA;NA;0.238442048395037
plate1#C16;77.64;85.19;0.219096037669486;0.0957521620371923;0.153090929957162;0;5.42461027024995;C16;G3-Z22;NA;Z22;3;NA;plate1;V8;VFP;22;0.235757339811
plate1#C17;77.67;85.19;0.250431976007614;0.114237161734385;0.191266705958575;0;5.97799389199846;C17;G6-Z24;NA;Z24;6;NA;plate1;V8;RA;23&24;0.282227066085479
plate1#C5;77.64;85.45;0.151036272009907;0.045227597298223;0.0863465776269663;0;7.88018141600434;C5;20;NA;20;0;NA;plate1;V8;DW;20;0.141662632855008
plate1#D17;77.38;85.19;0.258240054000506;0.124020822625539;0.189705330301482;0;6.18778818285388;D17;G3-N24;NA;N24;3;NA;plate1;V8;RA;23&24;0.280378934380121
plate1#D8;76.6;84.16;1;1;1;0;6.77144954254219;D8;8-100%;calib;8-100%;NA;100%;plate1;V8;NA;NA;0.997426075433471
plate1#E1;77.64;85.19;0.252425400294471;0.131717924783053;0.187921124952681;0;7.65693156724138;E1;G3-Z24;NA;Z24;3;NA;plate1;V8;RA;23&24;0.278263598309847
plate1#E10;76.92;84.69;0.83758859153199;0.784831292775895;0.825811570625332;0;7.03241395839843;E10;8-75%;calib;8-75%;NA;75%;plate1;V8;NA;NA;0.753238979021043
plate1#E13;77.2;84.98;0.230005361076962;0.099639961483184;0.168101074732416;0;6.18755633925916;E13;G6-N22;NA;N22;6;NA;plate1;V8;VFP;22;0.254440798005379
plate1#E17;77.75;84.98;0.829358864570067;0.773384863811615;0.817728258706311;0;6.78850299087488;E17;8-75%;calib;8-75%;NA;75%;plate1;V8;NA;NA;0.744705165744318
plate1#E19;77.58;85.19;0.201884129991911;0.0723401962351097;0.124530821263805;0;7.15078765997489;E19;G1-Z19;NA;Z19;1;NA;plate1;V8;DW;19;0.197660728267523
plate1#E20;77.64;85.19;0.262370867828356;0.129035200337139;0.196621704222275;0;6.83676672917474;E20;G6-N24;NA;N24;6;NA;plate1;V8;RA;23&24;0.288546264724049
plate1#E21;77.38;85.19;0.242741906343813;0.104471419279532;0.175695806991525;0;6.97614327431392;E21;8-25%;calib;8-25%;NA;25%;plate1;V8;NA;NA;0.263652069403023
plate1#F12;77.38;85.03;0.22250794257384;0.0930582672091678;NA;0;6.85395249519175;F12;G1-N23;NA;N23;1;NA;plate1;V8;RA;23&24;NA
plate1#F14;73.53;85.03;0.285226567619995;0.122278862926236;NA;NA;6.10864782526907;F14;G6-Z19;NA;Z19;6;NA;plate1;V8;DW;19;NA
plate1#F2;77.67;85.22;0.209366870016912;0.0778843398641827;0.14444040362544;0;7.46408314468836;F2;G3-Z20;NA;Z20;3;NA;plate1;V8;DW;20;0.224601747181126
plate1#F3;78.41;85.57;0;0;0;0;7.47717511661114;F3;8-0%;calib;8-0%;NA;0%;plate1;V8;NA;NA;0.00259428802006187
plate1#F4;77.5;85.19;0.211984668001488;0.0847222581523568;0.154216645614919;0;7.65496808786482;F4;23&24;NA;23&24;0;NA;plate1;V8;RA;23&24;0.23718606740724
plate1#G20;77.64;85.45;0.194211423094818;0.0667157582101784;0.129363983258616;0;6.28894562781649;G20;G1-Z20;NA;Z20;1;NA;plate1;V8;DW;20;0.204360041969429
plate1#G21;77.35;85.13;0.463891803489092;0.333354162436175;0.416193968413925;0;6.08773875467393;G21;8-50%;calib;8-50%;NA;50%;plate1;V8;NA;NA;0.500530875711641
plate1#G6;77.23;85.19;0.226815502067678;0.0738230361949802;0.170091618853985;0;6.29353244910842;G6;G3-N21;NA;N21;3;NA;plate1;V8;VFP;21;0.256867597086753
plate1#H11;77.23;84.98;0.277706111671299;0.146001345493439;0.213848130883868;0;6.41622430954819;H11;G6-N19;NA;N19;6;NA;plate1;V8;DW;19;0.308682818322963
plate1#H15;76.69;84.69;1;1;1;0;5.76145082394807;H15;8-100%;calib;8-100%;NA;100%;plate1;V8;NA;NA;0.997426075433471
plate1#H19;77.7;85.19;0.216227429186349;0.0948554176222567;0.152932268219828;0;6.33600067283474;H19;G1-N20;NA;N20;1;NA;plate1;V8;DW;20;0.235555566272209
plate1#H2;77.81;85.19;0.20300844017179;0.0973504734282574;0.153022352249119;0;7.59629439957407;H2;G1-N22;NA;N22;1;NA;plate1;V8;VFP;22;0.235670140419752
plate1#H24;77.88;85.22;0.238072355241478;0.123329884906046;0.195941125563552;0;6.45728306228928;H24;8-25%;calib;8-25%;NA;25%;plate1;V8;NA;NA;0.287744670256246
plate1#H3;78.38;84.46;1;1;1;0;6.42748511977874;H3;8-100%;calib;8-100%;NA;100%;plate1;V8;NA;NA;0.997426075433471
plate1#H8;77.75;85.19;0.206006366761336;0.0952542054932243;0.152535097789045;0;5.93679476745313;H8;G3-N22;NA;N22;3;NA;plate1;V8;VFP;22;0.235050033317661
plate1#I10;77.7;85.13;0.21026427986535;0.110145811289855;0.160816529920374;0;6.72110151306703;I10;G3-Z20;NA;Z20;3;NA;plate1;V8;DW;20;0.245466830105149
plate1#I2;77.5;85.22;0.222860900921374;0.0779800554345002;0.175931862839579;0;7.40751675934409;I2;G3-Z19;NA;Z19;3;NA;plate1;V8;DW;19;0.263936456547708
plate1#I23;77.67;85.19;0.224409962783139;0.110342212104583;0.172200682422259;0;6.82675660870823;I23;G1-N19;NA;N19;1;NA;plate1;V8;DW;19;0.259428655635017
plate1#I4;80.41;85.51;0;0;0;0;5.7549028244567;I4;G1-N24;NA;N24;1;NA;plate1;V8;RA;23&24;0.00259428802006187
plate1#I7;77.67;84.98;0.304324787710716;0.190894865976909;0.224292462713902;0;5.67760743562684;I7;G6-N20;NA;N20;6;NA;plate1;V8;DW;20;0.320729187474686
plate1#J14;77.7;85.19;0.215751500575183;0.104858274341309;0.16850483092413;0;6.58227782573063;J14;G3-N21;NA;N21;3;NA;plate1;V8;VFP;21;0.254933841110126
plate1#J15;77.44;85.1;0.23179872231518;0.110849080756048;0.178328110808949;0;6.1152562306598;J15;G6-Z19;NA;Z19;6;NA;plate1;V8;DW;19;0.2668176890629
plate1#J24;77.7;85.13;0.466524958300802;0.345507521018018;0.42784012178956;0;6.10071164068082;J24;8-50%;calib;8-50%;NA;50%;plate1;V8;NA;NA;0.507957993659746
plate1#J3;77.81;85.19;0.200386413624931;0.093063076183964;0.148494915853579;0;7.89295812666186;J3;G3-N22;NA;N22;3;NA;plate1;V8;VFP;22;0.229870540427107
plate1#J5;77.7;85.19;0.20017586797256;0.0769382337424952;0.127964188889174;0;5.74991674893467;J5;G1-Z23;NA;Z23;1;NA;plate1;V8;RA;23&24;0.202429852385837
plate1#K1;77.7;85.19;0.201508909662754;0.0657017557144327;0.129717540737371;0;8.13843964756894;K1;G1-Z20;NA;Z20;1;NA;plate1;V8;DW;20;0.204846247150089
plate1#K12;77.64;85.03;0.223554674789335;0.108681308327655;0.163149880059656;0;6.29598607921127;K12;G6-Z23;NA;Z23;6;NA;plate1;V8;RA;23&24;0.248358564344092
plate1#K21;77.44;85.22;0.2058367617331;0.0766476745094792;NA;0;7.00307970307731;K21;23&24;NA;23&24;0;NA;plate1;V8;RA;23&24;NA
plate1#K3;77.75;85.19;0.244217393920835;0.129454122412666;0.183956194017939;0;8.61072230882748;K3;G6-Z22;NA;Z22;6;NA;plate1;V8;VFP;22;0.273548534013074
plate1#K7;77.44;85.13;0.218994432296719;0.0762056060821121;0.148432010618757;0;5.75043739025778;K7;G6-N21;NA;N21;6;NA;plate1;V8;VFP;21;0.22978934879353
plate1#L18;80.41;85.45;0;0;0;0;5.47854698544177;L18;8-0%;calib;8-0%;NA;0%;plate1;V8;NA;NA;0.00259428802006187
plate1#L20;77.5;85.19;0.217919571035088;0.0731942367399233;0.145738119582041;0;7.50003961246292;L20;G1-Z22;NA;Z22;1;NA;plate1;V8;VFP;22;0.226296067800171
plate1#L21;77.67;85.19;0.243891749857176;0.106705643171305;0.183403662579509;0;7.64030211079282;L21;G6-Z20;NA;Z20;6;NA;plate1;V8;DW;20;0.272889799928409
plate1#L24;78.53;85.19;0.234276372559699;0.12064744061989;0.17972769708916;0;6.35159172310847;L24;G6-Z24;NA;Z24;6;NA;plate1;V8;RA;23&24;0.268496034275848
plate1#L7;77.75;85.13;0.254404527733977;0.130419477563666;0.190988023808009;0;5.44225224463075;L7;G3-N19;NA;N19;3;NA;plate1;V8;DW;19;0.281897401653851
plate1#M16;77.44;85.54;0.159735542045772;0.0379766664537432;0.108979336118025;0;6.55504684629604;M16;19;NA;19;0;NA;plate1;V8;DW;19;0.175472515391627
plate1#M21;77.7;85.13;0.45185445732085;0.341391734980032;0.410590744796809;0;7.54510931692197;M21;8-50%;calib;8-50%;NA;50%;plate1;V8;NA;NA;0.496823847291833
plate1#M24;80.06;85.69;0;0;0;0;6.87500481406253;M24;8-0%;calib;8-0%;NA;0%;plate1;V8;NA;NA;0.00259428802006187
plate1#N14;77.64;85.19;0.194395015865852;0.0824937288697939;0.130506822910308;0;6.69580697417786;N14;G1-Z19;NA;Z19;1;NA;plate1;V8;DW;19;0.205929721001811
plate1#N17;77.81;85.19;0.2191354148621;0.0992029464663514;0.158292462838027;0;6.15349258966476;N17;G6-N23;NA;N23;6;NA;plate1;V8;RA;23&24;0.242318428081774
plate1#N21;77.2;85.22;0.232288836133889;0.0930888896233489;0.16488985875617;0;7.65111304089665;N21;G1-N21;NA;N21;1;NA;plate1;V8;VFP;21;0.250503973006103
plate1#O1;77.38;85.1;0.849083680452005;0.80518225566196;0.840501680899236;0;9.09363583308031;O1;8-75%;calib;8-75%;NA;75%;plate1;V8;NA;NA;0.76958937524706
plate1#O11;77.75;85.02;0.460889047387336;0.346029522756198;0.420058535978198;0;6.73596251489985;O11;8-50%;calib;8-50%;NA;50%;plate1;V8;NA;NA;0.503034940555266
plate1#O20;77.75;85.22;0.225901752901143;0.0993996851294225;0.15955768139618;0;7.30673210507471;O20;8-25%;calib;8-25%;NA;25%;plate1;V8;NA;NA;0.243899335545644
plate1#O4;77.95;85.19;0.230364669211397;0.104666868440686;0.164222434354046;0;8.74597399398133;O4;G3-Z23;NA;Z23;3;NA;plate1;V8;RA;23&24;0.24968209865664
plate1#O7;77.88;85.19;0.221999180388993;0.117655344121947;0.173268092121331;0;8.19472931636468;O7;G3-N20;NA;N20;3;NA;plate1;V8;DW;20;0.260721103147077
plate1#P11;78.38;85.19;0;0;0;0;10.1234166207757;P11;8-0%;calib;8-0%;NA;0%;plate1;V8;NA;NA;0.00259428802006187
plate1#P13;77.64;85.1;0.213855374765992;0.0990826816411111;0.156922197583219;0;9.20739222276802;P13;G1-Z21;NA;Z21;1;NA;plate1;V8;VFP;21;0.240599847176904
plate1#P19;77.64;85.13;0.264717494098435;0.124202452658104;0.200228165632568;0;7.33495719302459;P19;G6-N24;NA;N24;6;NA;plate1;V8;RA;23&24;0.292786825738834
plate2#A1;77.77;85.15;0.19607832376677;0.0502378037528493;0.118593476057413;0;6.23514148352523;A1;G1-N21;NA;N21;1;NA;plate2;V8;VFP;21;0.189300000260728
plate2#B12;77.16;84.03;1;1;1;0;5.61045677473833;B12;8-100%;calib;8-100%;NA;100%;plate2;V8;NA;NA;0.997426075433471
plate2#B2;77.31;85;0.845130512568429;0.790873501118759;0.833866989638533;0;6.4967997781787;B2;8-75%;calib;8-75%;NA;75%;plate2;V8;NA;NA;0.762066013556313
plate2#B6;79.19;85.54;0;0;0;0;6.44534483897776;B6;8-0%;calib;8-0%;NA;0%;plate2;V8;NA;NA;0.00259428802006187
plate2#B9;77.57;84.03;1;1;1;0;5.41341358662503;B9;8-100%;calib;8-100%;NA;100%;plate2;V8;NA;NA;0.997426075433471
plate2#C13;77.47;85.02;0.245473136987663;0.10838350485762;0.187361466422278;0;5.02529805905251;C13;G6-Z22;NA;Z22;6;NA;plate2;V8;VFP;22;0.277599280483609
plate2#C16;77.47;85.39;0.210221214428855;0.078631026224522;NA;0;4.20721296275649;C16;G3-Z19;NA;Z19;3;NA;plate2;V8;DW;19;NA
plate2#C18;77.4;85.15;0.251568648481915;0.0976364014240274;0.167006043244192;0;5.42910110035666;C18;G6-N23;NA;N23;6;NA;plate2;V8;RA;23&24;0.253101480549737
plate2#C19;77.23;85.15;0.22132458369573;0.0824903189393366;0.153241079476276;0;5.84961318934097;C19;G1-Z24;NA;Z24;1;NA;plate2;V8;RA;23&24;0.235948195591876
plate2#C21;77.44;85.41;0.25314527930717;0.106388983433768;NA;0;5.79312535633684;C21;G3-Z22;NA;Z22;3;NA;plate2;V8;VFP;22;NA
plate2#C22;77.4;85.41;0.222013698738587;0.0836752267814;0.165823537973672;0;5.56574998065926;C22;G1-N21;NA;N21;1;NA;plate2;V8;VFP;21;0.251651558477301
plate2#C24;77.4;85.54;0.245439175106668;0.0879099800186197;NA;0;5.24475810676306;C24;G3-Z20;NA;Z20;3;NA;plate2;V8;DW;20;NA
plate2#C3;79.68;85.6;0;0;0;0;6.79590603762044;C3;8-0%;calib;8-0%;NA;0%;plate2;V8;NA;NA;0.00259428802006187
plate2#C5;77.81;85.09;0.226022944905088;0.106240273306083;0.186658286291728;0;6.54172835211507;C5;G6-Z20;NA;Z20;6;NA;plate2;V8;DW;20;0.27676404745747
plate2#C6;78.11;85.09;0.225772628109129;0.105178304295999;0.162509489530615;0;6.30424934923289;C6;G3-Z24;NA;Z24;3;NA;plate2;V8;RA;23&24;0.247566644132178
plate2#C8;80.33;85.47;0;0;0;0;5.84645047809626;C8;20;NA;20;0;NA;plate2;V8;DW;20;0.00259428802006187
plate2#D15;77.74;85.09;0.195595828530852;0.0905707986685481;0.139973723400771;0;4.76859475466424;D15;G1-Z22;NA;Z22;1;NA;plate2;V8;VFP;22;0.218711703158784
plate2#D16;77.19;85.02;0.834392877083869;0.771931257420643;NA;0;5.01243506977186;D16;8-75%;calib;8-75%;NA;75%;plate2;V8;NA;NA;NA
plate2#D17;77.6;85.09;0.194702770782797;0.0717314210362236;NA;0;5.9731197532358;D17;G1-N20;NA;N20;1;NA;plate2;V8;DW;20;NA
plate2#D8;78.72;85.57;0;0;0;0;6.40597001612498;D8;8-0%;calib;8-0%;NA;0%;plate2;V8;NA;NA;0.00259428802006187
plate2#D9;77.81;85.09;0.177825168462292;0.0727337993860075;0.117515274970909;0;5.81763007853518;D9;G1-Z24;NA;Z24;1;NA;plate2;V8;RA;23&24;0.187766732433757
plate2#E11;77.81;85.02;0.216790749990621;0.0999913269448939;0.1512265702138;0;5.84501110404408;E11;G3-N24;NA;N24;3;NA;plate2;V8;RA;23&24;0.233379962421701
plate2#E12;77.57;85.02;0.245296668701999;0.111289720975202;0.185317373154973;0;5.27610414258259;E12;G6-Z24;NA;Z24;6;NA;plate2;V8;RA;23&24;0.275169561012374
plate2#E13;77.34;85.02;0.261384436116236;0.128443782265937;0.203525377858583;0;5.51368399612796;E13;G3-N19;NA;N19;3;NA;plate2;V8;DW;19;0.296652796966945
plate2#E14;77.13;85.09;0.217384829960003;0.0709631297997854;0.135366466410473;0;5.07771818303046;E14;G3-N23;NA;N23;3;NA;plate2;V8;RA;23&24;0.212541033615722
plate2#E17;77.4;85.15;0.203378412150518;0.0698977979778981;0.132656281804823;0;6.00525027818523;E17;21;NA;21;0;NA;plate2;V8;VFP;21;0.208866716083771
plate2#E18;77.81;85.47;0.193206724817009;0.0728461035731814;0.136836246944707;0;6.11289139487037;E18;22;NA;22;0;NA;plate2;V8;VFP;22;0.214520010192922
plate2#E2;77.57;85.37;0.220966040205081;0.0785875777373121;0.145017258612953;0;6.92529046682822;E2;8-25%;calib;8-25%;NA;25%;plate2;V8;NA;NA;0.225355834258796
plate2#E23;77.4;85.47;0.267596011981226;0.146274460334598;0.200939447701162;0;6.01439513761965;E23;G3-Z24;NA;Z24;3;NA;plate2;V8;RA;23&24;0.293621706467935
plate2#E24;77.68;85.54;0.221931541032249;0.0978040980376922;0.172663615153605;0;5.28349969001017;E24;8-25%;calib;8-25%;NA;25%;plate2;V8;NA;NA;0.259989481732221
plate2#F2;77.47;85.39;0.21324612684304;0.089150966260084;0.147183824974222;0;6.91322869335671;F2;G1-N24;NA;N24;1;NA;plate2;V8;RA;23&24;0.228174748952859
plate2#F22;78.11;85.09;0.443613346770597;0.328139764255942;0.404311637769474;0;5.61440067891731;F22;8-50%;calib;8-50%;NA;50%;plate2;V8;NA;NA;0.492553549575177
plate2#F5;80.44;85.54;0;0;0;0;6.85493446125644;F5;19;NA;19;0;NA;plate2;V8;DW;19;0.00259428802006187
plate2#G1;77.83;85.15;0.234593492635651;0.114557596959426;NA;0;7.05394470684899;G1;G1-N19;NA;N19;1;NA;plate2;V8;DW;19;NA
plate2#G22;78.11;85.41;0.206056745592946;0.0760172466399907;0.147206440571522;0;5.25510749560971;G22;G3-Z21;NA;Z21;3;NA;plate2;V8;VFP;21;0.228204064262231
plate2#G6;77.28;85.09;0.240071358731569;0.0853928398950468;0.174376255476787;0;5.38486015800497;G6;G6-Z19;NA;Z19;6;NA;plate2;V8;DW;19;0.262060414294032
plate2#G9;77.28;85.09;0.211731344739682;0.066872236298264;0.137665635073236;0;5.43990436890708;G9;G3-Z19;NA;Z19;3;NA;plate2;V8;DW;19;0.215632438890615
plate2#H20;77.44;85.54;0.223888695480201;0.0998367293704161;NA;0;5.57103212886101;H20;G3-N21;NA;N21;3;NA;plate2;V8;VFP;21;NA
plate2#I10;77.28;85.02;0.270707445812915;0.141744943505104;0.209739506978415;0;5.77526484633797;I10;G6-N19;NA;N19;6;NA;plate2;V8;DW;19;0.303908563292166
plate2#I11;77.51;85.09;0.17904395521841;0.0604497835445168;0.115099988620031;0;6.33478365540818;I11;22;NA;22;0;NA;plate2;V8;VFP;22;0.184315765867517
plate2#I14;77.13;85;0.833906517322931;0.770825344208729;NA;0;5.43066679979638;I14;8-75%;calib;8-75%;NA;75%;plate2;V8;NA;NA;NA
plate2#I19;77.34;85.47;0.211849801603633;0.0856550651071132;0.150202589096302;0;5.99657069464169;I19;G1-Z21;NA;Z21;1;NA;plate2;V8;VFP;21;0.232068127894884
plate2#I21;77.57;85.39;0.247118337294296;0.118844332377297;0.184235060792137;0;5.71850558366448;I21;G6-N23;NA;N23;6;NA;plate2;V8;RA;23&24;0.2738808414532
plate2#I23;77.65;85.47;0.223199488859313;0.109948960458824;0.163014771461333;0;6.36917491445115;I23;G3-N20;NA;N20;3;NA;plate2;V8;DW;20;0.248191591996821
plate2#I6;77.68;85.09;0.23779447355872;0.12246421992933;0.185232706047471;0;5.04568900530479;I6;G6-N20;NA;N20;6;NA;plate2;V8;DW;20;0.275068803814484
plate2#J11;77.65;85.02;0.235896005866406;0.118064309546551;0.186090029419783;0;4.7986027462798;J11;G6-N24;NA;N24;6;NA;plate2;V8;RA;23&24;0.27608861572335
plate2#J12;77.44;85.09;0.221206863611386;0.0790460657197635;0.150770863694639;0;5.19897092286974;J12;G6-N21;NA;N21;6;NA;plate2;V8;VFP;21;0.232796691604596
plate2#J14;77.4;85;0.337522167919876;0.20962950090776;0.288370039387136;0;5.57013209641369;J14;G6-Z21;NA;Z21;6;NA;plate2;V8;VFP;21;0.390933555814182
plate2#J18;73.79;85.37;0.287541497731684;0.134218283909253;NA;NA;6.08096068518595;J18;G6-Z20;NA;Z20;6;NA;plate2;V8;DW;20;NA
plate2#J19;77.47;85.09;0.453988070706623;0.332053062100377;0.403285337885428;0;5.95982771933839;J19;8-50%;calib;8-50%;NA;50%;plate2;V8;NA;NA;0.49184329171179
plate2#J20;77.65;85.37;0.263086172177341;0.134900139446048;0.202933222721216;0;6.26195972537247;J20;G3-N19;NA;N19;3;NA;plate2;V8;DW;19;0.295959292175142
plate2#J3;76.36;84.03;1;1;1;0;7.40523203531642;J3;8-100%;calib;8-100%;NA;100%;plate2;V8;NA;NA;0.997426075433471
plate2#J7;77.23;85;0.822711226363095;0.764109363329733;0.80976675126516;0;5.53150959077893;J7;8-75%;calib;8-75%;NA;75%;plate2;V8;NA;NA;0.736595632141256
plate2#K14;77.51;85.02;0.240751065468465;0.115690855339319;0.183961965603025;0;5.50756705034242;K14;G6-Z23;NA;Z23;6;NA;plate2;V8;RA;23&24;0.273555412722565
plate2#K22;80.27;85.6;0;0;0;0;6.93463311184653;K22;8-0%;calib;8-0%;NA;0%;plate2;V8;NA;NA;0.00259428802006187
plate2#K5;77.47;85;0.843904083119239;0.794971309652308;0.833685591301967;0;7.16626046422984;K5;8-75%;calib;8-75%;NA;75%;plate2;V8;NA;NA;0.761863552174509
plate2#K7;78.11;85.09;0.186350510115252;0.0869942633016073;0.134935275235369;0;5.01601846147922;K7;G6-N22;NA;N22;6;NA;plate2;V8;VFP;22;0.211958624870887
plate2#K8;77.68;85.09;0.203413412829911;0.0823934392282048;0.139152793582992;0;5.58724135046038;K8;8-25%;calib;8-25%;NA;25%;plate2;V8;NA;NA;0.217619279068197
plate2#L10;77.65;85.09;0.188123794726451;0.0733444108316121;0.124817041863591;0;4.75085870258881;L10;23&24;NA;23&24;0;NA;plate2;V8;RA;23&24;0.198060171052789
plate2#L11;77.65;85.09;0.203143331709729;0.0827782447350371;0.151171352736441;0;5.34894235640418;L11;G1-N19;NA;N19;1;NA;plate2;V8;DW;19;0.233309333978492
plate2#L14;76.91;84.56;1;1;1;0;5.48092984025054;L14;8-100%;calib;8-100%;NA;100%;plate2;V8;NA;NA;0.997426075433471
plate2#L17;77.65;85.15;0.242919388959951;0.114064771834044;NA;0;5.57966564548467;L17;G3-Z23;NA;Z23;3;NA;plate2;V8;RA;23&24;NA
plate2#L20;77.44;85.09;0.240457507853152;0.106799052042965;0.186692844015524;0;6.72178148433689;L20;G3-Z22;NA;Z22;3;NA;plate2;V8;VFP;22;0.276805109518754
plate2#L22;77.4;85.15;0.228648746100554;0.101778469693638;0.164031276797769;0;6.47774731079058;L22;G6-N22;NA;N22;6;NA;plate2;V8;VFP;22;0.249446463072712
plate2#L4;77.88;85.09;0.232875232663105;0.0982617120534524;0.167615338773436;0;7.40917766700489;L4;G6-Z22;NA;Z22;6;NA;plate2;V8;VFP;22;0.253847089774901
plate2#L5;77.77;85.02;0.433672979495097;0.317112589483196;0.387682359065276;0;5.04898970011482;L5;8-50%;calib;8-50%;NA;50%;plate2;V8;NA;NA;0.480599904474871
plate2#M14;77.6;85.09;0.228405287599708;0.12053390528097;0.171532529532598;0;5.32029909729033;M14;G3-N24;NA;N24;3;NA;plate2;V8;RA;23&24;0.258618394503208
plate2#M15;77.51;85.09;0.201166119072615;0.0914997359902486;0.145457487989515;0;5.02767338460928;M15;G3-Z21;NA;Z21;3;NA;plate2;V8;VFP;21;0.225930311358283
plate2#M3;78.05;85.15;0.216988781362905;0.103332167611824;0.156320870505484;0;7.34729827686428;M3;G3-N23;NA;N23;3;NA;plate2;V8;RA;23&24;0.239843500369988
plate2#M9;77.44;85.09;0.197570645003054;0.0860300045121685;0.148544099490109;0;4.40868312295713;M9;8-25%;calib;8-25%;NA;25%;plate2;V8;NA;NA;0.229934009659696
plate2#N1;78.05;85.09;0.22709667552282;0.103099120646117;0.175630550749637;0;8.2411750320213;N1;G3-Z23;NA;Z23;3;NA;plate2;V8;RA;23&24;0.263573434100618
plate2#N13;77.65;85.09;0.216902535640874;0.103353399016649;0.176436502413304;0;5.07910422148262;N13;G3-N20;NA;N20;3;NA;plate2;V8;DW;20;0.264544076799288
plate2#N15;77.65;85.15;0.175324968037767;0.0465413334789573;0.107753668928199;0;5.11252058933344;N15;G1-Z19;NA;Z19;1;NA;plate2;V8;DW;19;0.173685231148234
plate2#N16;77.51;85.15;0.183526048167369;0.0706188012687822;0.130051250217167;0;5.18696986634796;N16;G1-Z20;NA;Z20;1;NA;plate2;V8;DW;20;0.205304667303746
plate2#N21;77.51;85.37;0.220349480529689;0.0888963723102601;0.151359329668854;0;6.48383317470834;N21;G1-N22;NA;N22;1;NA;plate2;V8;VFP;22;0.2335497229096
plate2#N23;77.68;85.54;0.193499293255718;0.0702965839135048;0.136230674874392;0;5.92318493958585;N23;21;NA;21;0;NA;plate2;V8;VFP;21;0.213705816341032
plate2#N5;77.65;85.02;0.260473320214869;0.139397089303745;0.199359335064542;0;6.36177907652614;N5;G6-N19;NA;N19;6;NA;plate2;V8;DW;19;0.291766357550485
plate2#N8;78.87;85.47;0;0;0;0;4.87255915530575;N8;19;NA;19;0;NA;plate2;V8;DW;19;0.00259428802006187
plate2#O15;77.44;85.09;0.260886227300961;0.114716633790779;NA;0;5.69781289908694;O15;G6-Z23;NA;Z23;6;NA;plate2;V8;RA;23&24;NA
plate2#O23;77.57;84.41;1;1;1;0;5.93400893825022;O23;8-100%;calib;8-100%;NA;100%;plate2;V8;NA;NA;0.997426075433471
plate2#O24;77.34;85.09;0.460763951862589;0.32348639210307;0.428847877826156;0;5.57475218820748;O24;8-50%;calib;8-50%;NA;50%;plate2;V8;NA;NA;0.508584687635319
plate2#O3;77.83;85.39;0.197150824404773;0.0698333505408145;0.134391072506611;0;8.18928064676658;O3;G1-N24;NA;N24;1;NA;plate2;V8;RA;23&24;0.211222391111527
plate2#O5;77.68;85.09;0.453202896083901;0.320965825318803;0.409071969904596;0;7.6785004282602;O5;8-50%;calib;8-50%;NA;50%;plate2;V8;NA;NA;0.495802563018357
plate2#O7;77.6;85.09;0.191592028264355;0.0660461335920516;0.13589297457109;0;7.0514133296011;O7;G1-N20;NA;N20;1;NA;plate2;V8;DW;20;0.213251061073927
plate2#O9;78.75;85.47;0;0;0;0;5.61536492107088;O9;20;NA;20;0;NA;plate2;V8;DW;20;0.00259428802006187
plate2#P17;77.13;85.02;0.247718503908104;0.10696431060368;0.174955680084612;0;6.03146753813044;P17;G1-N23;NA;N23;1;NA;plate2;V8;RA;23&24;0.262759731101368
plate2#P22;77.19;85.41;0.246021290973372;0.109416476998452;NA;0;6.21675041743263;P22;G3-N22;NA;N22;3;NA;plate2;V8;VFP;22;NA
