id;Tbf;Taf;raw.decrease;norm.decrease;normEBS.decrease;het.decrease;plateau_slope;maxfluo;well_pcr;sample;calib;pop;generation;ratio;plate_qpcr_id;mix;pop_id;predicted_freq
plate1#A1;74.42;84.48;0.22422726199451;0.138416760995118;0.176182856920697;4.79389308261562;0;9.72302357096445;A1;G8-Z19;NA;Z19;8;NA;plate1;C;C03;0.477949953569906
plate1#A10;74.84;83.85;0.285153507364324;0.204606181726841;0.255257469518319;7.19017637181448;0.000554461535075927;6.98684724711779;A10;G1-Z25;NA;Z25;1;NA;plate1;A;A04;0.591218487888625
plate1#A11;73.2;83.68;0.300159666451053;0.202347256994912;0.267485130396855;7.9799437865142;0;7.17073016919518;A11;G8-Z24;NA;Z24;8;NA;plate1;H;H03;0.607739931767027
plate1#A13;74.97;83.66;0.309844488383357;0.221811866325125;0.278726372486451;6.30241085659016;0.0109122934351684;7.50415445632405;A13;G1-Z01;NA;Z01;1;NA;plate1;A;A01;0.622586363748808
plate1#A14;73.23;83.8;0.300904848643512;0.206082575180051;0.266885374632391;5.69364932322977;0.00142827240192498;7.08519573678033;A14;G4-Z22;NA;Z22;4;NA;plate1;F;F03;0.606937906001153
plate1#A15;74.84;83.85;0.378687082730186;0.297655076526573;0.356245878135215;6.77941416552519;0.00224556942427498;7.32174313980785;A15;G8-Z02;NA;Z02;8;NA;plate1;B;B01;0.710068601492838
plate1#A16;74.5;83.6;0.398286830854578;0.324312336444846;0.374574233488102;8.34131348257274;0.00992502670542866;6.42255095548857;A16;G8-Z18;NA;Z18;8;NA;plate1;B;B03;0.725335891429337
plate1#A17;74.76;83.74;0.352132088071955;0.279163688384462;0.327660237147319;8.1356337266594;0.00149480279217492;7.10453652055004;A17;G4-Z26;NA;Z26;4;NA;plate1;B;B04;0.681561566495698
plate1#A18;74.87;83.85;0.259854634742934;0.174533167712472;0.226825878131697;5.56588878102495;0.00681942336503437;7.26140311611093;A18;G8-Z07;NA;Z07;8;NA;plate1;G;G01;0.551819324493068
plate1#A19;74.84;83.74;0.36989480456428;0.29498066301892;0.346924205160173;7.64678737212697;0.00353221373109416;7.33272319913068;A19;G8-Z01;NA;Z01;8;NA;plate1;A;A01;0.701359555350161
plate1#A2;74.56;83.8;0.302705333623297;0.217357776624655;0.272757622193979;8.7700832778475;0.0165076991653628;8.0628300303694;A2;G1-Z13;NA;Z13;1;NA;plate1;E;E02;0.614748925015073
plate1#A20;74.87;83.85;0.33384739345901;0.240718087722954;0.301698488902342;5.88588845091436;0.013253063386077;7.04340794325558;A20;G4-Z29;NA;Z29;4;NA;plate1;E;E04;0.651592628124627
plate1#A21;75;83.85;0.315886869088074;0.23660643807979;0.298309833609485;9.56509282128546;0.00744897828817462;6.41923646402143;A21;D;NA;D;0;NA;plate1;D;D;0.647444023798372
plate1#A22;74.87;84.42;0.238414325371687;0.160716308746631;NA;NA;0.00665168554143249;6.50779992952177;A22;G4-Z08;NA;Z08;4;NA;plate1;H;H01;NA
plate1#A23;74.79;84.3;0.292284455775747;0.203046690136994;NA;NA;0.0261953479030095;6.68692007558621;A23;G1-Z23;NA;Z23;1;NA;plate1;G;G03;NA
plate1#A24;74.84;84.42;0.222829907007687;0.150031977178324;0.199064451679465;5.51411658496338;0.00544339572442139;6.30568497007277;A24;G4-Z19;NA;Z19;4;NA;plate1;C;C03;0.512557891153699
plate1#A4;74.5;83.74;0.372581974488101;0.303673674829101;0.34997231998749;7.31846543310497;0.00909560182915089;6.32744564697659;A4;G8-Z10;NA;Z10;8;NA;plate1;B;B02;0.704273522271272
plate1#A5;74.29;83.85;0.330869706196974;0.24176643627083;0.298945083835102;6.66029358354965;0.00596890636829387;8.25930927089055;A5;G4-Z29;NA;Z29;4;NA;plate1;E;E04;0.648225471572851
plate1#A6;74.27;83.8;0.251438326125001;0.170349247829383;0.215956715338839;5.97884296584208;0.0105286243258813;7.4058087837087;A6;G8-Z27;NA;Z27;8;NA;plate1;C;C04;0.536577022503085
plate1#A7;74.27;83.66;0.302352759657628;0.217403387872651;0.26531164319484;7.11166142423222;0;7.22742780243598;A7;G8-Z31;NA;Z31;8;NA;plate1;G;G04;0.604829043136643
plate1#A8;74.6;83.8;0.216022783503134;0.117745797742218;0.173738129115712;6.20862597955961;0.00630211104885937;6.84664251966362;A8;G1-Z11;NA;Z11;1;NA;plate1;C;C02;0.474022722864165
plate1#A9;73.57;83.85;0.373081282518278;0.310419182194314;0.353498988369286;8.25646628946329;0;7.38457474509777;A9;G4-Z02;NA;Z02;4;NA;plate1;B;B01;0.707565286768064
plate1#B1;74.76;83.85;0.397441550109069;0.327205778964796;0.375332849065229;6.12759876265041;0;8.5176063579064;B1;G4-Z18;NA;Z18;4;NA;plate1;B;B03;0.725912470709979
plate1#B11;73.23;83.66;0.386444934654486;0.303512525430409;0.36593921894941;9.94398620175254;0;6.72255548967302;B11;G8-Z13;NA;Z13;8;NA;plate1;E;E02;0.718461726506252
plate1#B12;74.18;83.66;0.286446692811605;0.198806589542715;0.256694265018525;7.63251692798226;0.00449021243868549;7.3956881852244;B12;G1-Z15;NA;Z15;1;NA;plate1;G;G02;0.5931769934002
plate1#B13;73.78;83.68;0.310880819806802;0.244733144053022;0.28973087764125;7.95220056572876;0;6.44718576743071;B13;G1-Z28;NA;Z28;1;NA;plate1;D;D04;0.63673004441123
plate1#B14;74.84;83.85;0.259068932370454;0.169320915101978;0.226859142153804;5.31201802390463;0.00824685699293962;7.72636864617258;B14;G4-Z06;NA;Z06;4;NA;plate1;F;F01;0.551865894164226
plate1#B15;74.76;84.36;0.196247310970538;0.111761171798478;0.16160085050332;4.86889183234701;0.00715806462507229;6.68263586881045;B15;G4-Z11;NA;Z11;4;NA;plate1;C;C02;0.453682168312306
plate1#B16;74.76;83.74;0.345970039312383;0.263497381904067;NA;NA;0.0104693774649853;6.91737405853975;B16;G1-Z26;NA;Z26;1;NA;plate1;B;B04;NA
plate1#B17;74.84;83.6;0.387134373786352;0.307617825514068;0.365899423759752;6.48429760978487;0.00355993491752739;7.63340536799289;B17;G8-Z30;NA;Z30;8;NA;plate1;F;F04;0.718428714096572
plate1#B18;74.79;83.36;0.462111156628249;0.397457162824774;0.445384298084861;7.87861552134467;0.0173317465375896;7.54773026089296;B18;0.75;calib;NA;NA;0.75;plate1;NA;NA;0.765015059639504
plate1#B19;74.79;83.85;0.290950230013575;0.206192075125847;0.262554141863883;7.54535860484925;0.00795315369362957;7.85286916124943;B19;G8-Z17;NA;Z17;8;NA;plate1;A;A03;0.601119079007429
plate1#B2;74.29;84.3;0.257367510276145;0.160637938812848;0.227761279021465;6.49352979848102;0.00517590676047043;8.81511225070527;B2;G4-Z31;NA;Z31;4;NA;plate1;G;G04;0.553128662946956
plate1#B21;75;83.85;0.256389049359552;0.173293009008871;0.226679806568154;7.29314950205422;0.00813050726260905;7.91363419722989;B21;G8-Z07;NA;Z07;8;NA;plate1;G;G01;0.551614817419884
plate1#B22;76.9;84.42;0;0;0;0;0.00326211396206321;7.6920537883189;B22;0;calib;NA;NA;0;plate1;NA;NA;0.0204437800043753
plate1#B23;75.34;82.22;1;1;1;0;0.0141319012104194;7.42072006136478;B23;1;calib;NA;NA;1;plate1;NA;NA;1.00000099354454
plate1#B24;74.91;84.3;0.287473951445881;0.205248344569886;0.2651254580001;5.98211665989218;0.0340484349386827;7.20209772231422;B24;G1-Z23;NA;Z23;1;NA;plate1;G;G03;0.604579134201343
plate1#B3;73.78;83.74;0.3523108542206;0.280555606865604;0.336382715351926;8.58408728818745;0.00979138047538625;7.82436608717523;B3;G1-Z02;NA;Z02;1;NA;plate1;B;B01;0.690810705165744
plate1#B4;74.21;84.39;0.214177621782302;0.127845108366292;0.181934476675027;4.96993146934573;0;8.567946684548;B4;G4-Z11;NA;Z11;4;NA;plate1;C;C02;0.486988814425871
plate1#B5;74.1;83.8;0.346956144313323;0.277388066979895;0.321688793705096;7.67490089195001;0;8.07379596991495;B5;G4-Z21;NA;Z21;4;NA;plate1;E;E03;0.674976765744011
plate1#B6;74.76;83.85;0.211917680802108;0.128797581427628;0.179088921221448;4.91109057272278;0.0119284301912735;8.10255945848887;B6;0.5;calib;NA;NA;0.5;plate1;NA;NA;0.482550903717877
plate1#B8;74.84;83.85;0.372212040937308;0.289191781637491;0.355241995587186;7.70997149517891;0.00440850245349196;7.26606027178773;B8;G4-Z02;NA;Z02;4;NA;plate1;B;B01;0.709159969769872
plate1#B9;74.79;83.66;0.340710821505546;0.251532376988183;0.313151169274019;7.49574350926176;0.0214967589219544;6.96346979368788;B9;G1-Z10;NA;Z10;1;NA;plate1;B;B02;0.665230040549283
plate1#C1;74.76;83.8;0.35317539346604;0.280144608200862;0.342288161307297;8.01484550995856;0.0161291089924549;8.41374049389999;C1;G4-Z32;NA;Z32;4;NA;plate1;H;H04;0.696808536368743
plate1#C10;74.21;83.68;0.398605269149643;0.322422977787152;0.37642282083257;8.91520183732672;0.00295895022847073;7.70566411695145;C10;G4-Z18;NA;Z18;4;NA;plate1;B;B03;0.726733230772835
plate1#C11;73.78;83.85;0.0877001982071357;0.0226896431627475;0.0643887622671725;5.38100576659774;0.000967936047134817;7.82133647214468;C11;0.25;calib;NA;NA;0.25;plate1;NA;NA;0.23423198525909
plate1#C12;74.39;83.85;0.279478839674925;0.193020626520083;NA;NA;0;7.24795502644885;C12;G4-Z01;NA;Z01;4;NA;plate1;A;A01;NA
plate1#C13;74.79;83.68;0.249223893106357;0.156119572132425;0.222474588585874;5.90189963625729;0.00813497893258636;7.08815914672003;C13;0.5;calib;NA;NA;0.5;plate1;NA;NA;0.545723318363043
plate1#C14;73.29;83.66;0.296302729555058;0.198871435802596;0.278862186271242;8.74305983064327;0.0115206389775342;6.80838262894978;C14;G8-Z24;NA;Z24;8;NA;plate1;H;H03;0.622763416687394
plate1#C15;79.08;83.24;0;0;0;0;NA;0.783095664750413;C15;H2O;control;NA;NA;NA;plate1;NA;NA;0.0204437800043753
plate1#C16;74.56;83.85;0.260117825383491;0.173435125999246;0.238814711369704;7.83432822333061;0.00651469879387688;5.91670822417896;C16;G4-Z27;NA;Z27;4;NA;plate1;C;C04;0.568552051605737
plate1#C17;74.56;83.74;0.316390506389432;0.241157710631909;0.296699677943103;7.76097311131065;0.00140580550426889;6.99798089646668;C17;G8-Z22;NA;Z22;8;NA;plate1;F;F03;0.645455740012925
plate1#C18;74.27;83.85;0.384507153625987;0.303661504359386;0.369070008149291;7.57933039285134;0.000386944034299724;7.46593698655211;C18;G8-Z21;NA;Z21;8;NA;plate1;E;E03;0.721020529575919
plate1#C19;74.79;83.85;0.293378219763035;0.204151716108975;0.263638840807478;6.90347836480393;0;7.94138920084439;C19;G1-Z30;NA;Z30;1;NA;plate1;F;F04;0.602580639759594
plate1#C2;74.21;84.36;0.247848564074094;0.163271972332943;0.22286637310354;6.91479344289943;0.0332390911403854;8.89748548896836;C2;G4-Z08;NA;Z08;4;NA;plate1;H;H01;0.546272482810854
plate1#C21;74.79;83.8;0.337173054349717;0.258311103068733;0.314310776732398;8.47030213910975;0;7.86728201636822;C21;G8-Z28;NA;Z28;8;NA;plate1;D;D04;0.666575831447972
plate1#C22;74.79;83.85;0.284840671626675;0.199903958136568;0.261528550293706;5.8710249171682;0.0142996165126043;7.65411818431666;C22;G8-Z09;NA;Z09;8;NA;plate1;A;A02;0.599734609966424
plate1#C23;74.79;83.85;0.289151737624371;0.222010160330087;0.264762876315388;6.09725197623455;0.00665332656821928;7.21561607351948;C23;G1-Z15;NA;Z15;1;NA;plate1;G;G02;0.604092207946279
plate1#C24;74.76;83.85;0.317898817539672;0.237468137361051;0.28995066664353;7.48972025385364;0.00190521816953913;7.41453800051667;C24;G4-Z20;NA;Z20;4;NA;plate1;D;D03;0.637008123508758
plate1#C3;74.42;83.85;0.29889925331489;0.211746974987633;0.27622286470292;7.56898932280764;0.000363941965529348;8.51841005260209;C3;G1-Z29;NA;Z29;1;NA;plate1;E;E04;0.61931227076762
plate1#C4;74.21;83.8;0.283256039818253;0.182921402481599;0.249411239892818;6.59508517798672;0.00670334522638993;8.84242563896079;C4;G8-Z09;NA;Z09;8;NA;plate1;A;A02;0.58320890354361
plate1#C5;74.21;83.74;0.316458507700249;0.232094891195775;0.291442455646307;6.751103598637;0.00177634328186683;8.56870762906207;C5;G1-Z10;NA;Z10;1;NA;plate1;B;B02;0.63889070799649
plate1#C6;74.76;83.85;0.284556405148344;0.195838194309585;0.263677340849815;7.56738143870453;0;8.12725727247678;C6;G1-Z22;NA;Z22;1;NA;plate1;F;F03;0.602632464263481
plate1#C7;74.27;83.85;0.250676005417926;0.172687082532737;0.219419817024764;6.45987922457329;0;7.92321848605523;C7;G8-Z03;NA;Z03;8;NA;plate1;C;C01;0.541439635735002
plate1#C8;74.42;83.74;0.378048713772771;0.302595634185093;0.353196252128603;9.36613515437128;0;7.04625713011884;C8;G8-Z02;NA;Z02;8;NA;plate1;B;B01;0.707286122317487
plate1#C9;74.79;83.36;0.376928847083742;0.301853488516836;0.351651910539245;6.10388806142245;0.012088375606991;7.07938406773846;C9;G8-Z30;NA;Z30;8;NA;plate1;F;F04;0.705852027779309
plate1#D1;74.5;83.92;0.315080271997911;0.228999389490154;0.283526113588276;7.06227552468329;0.00126822377570754;9.02372963661618;D1;G4-Z12;NA;Z12;4;NA;plate1;D;D02;0.628806854925858
plate1#D10;74.76;83.36;0.307749490544391;0.216011429470814;0.277108546242341;8.87563481928315;0.00533880078378815;7.36781920582337;D10;G1-Z01;NA;Z01;1;NA;plate1;A;A01;0.620472802450555
plate1#D12;74.76;83.31;0.426587234313388;0.344031452073464;0.41788139389575;8.46535069370986;0.0168230203639795;7.13210886649574;D12;0.75;calib;NA;NA;0.75;plate1;NA;NA;0.752177654918742
plate1#D13;74.79;83.36;0.381536235645729;0.304680167879377;0.355508314139511;8.10291739365204;0.00444991015958338;6.67541813586222;D13;G8-Z21;NA;Z21;8;NA;plate1;E;E03;0.709401722526145
plate1#D14;74.79;83.36;0.322998319840564;0.247243550570371;0.297449609708155;10.3946703394555;0.0243196340396055;6.87669427469179;D14;G1-Z04;NA;Z04;1;NA;plate1;D;D01;0.646383126758993
plate1#D15;74.27;83.66;0.256816676476674;0.15986922123548;0.219981787377107;7.68543772496852;0.0108683321962811;6.51700584192746;D15;0.5;calib;NA;NA;0.5;plate1;NA;NA;0.542227963029531
plate1#D16;74.84;83.85;0.307630017133109;0.223666839831138;0.279826787597137;8.03480077997285;0.0169682527386793;7.16559291892841;D16;G1-Z25;NA;Z25;1;NA;plate1;A;A04;0.624019209357702
plate1#D17;73.78;83.6;0.359098679270698;0.272191169117386;0.33424955450439;6.99131718944221;0;6.83266508926583;D17;G8-Z01;NA;Z01;8;NA;plate1;A;A01;0.688590760166279
plate1#D18;75.25;82.25;1;1;1;0;0.0480150668655702;7.27507187277618;D18;1;calib;NA;NA;1;plate1;NA;NA;1.00000099354454
plate1#D19;73.78;83.77;0.34931808436791;0.262735143344031;0.329217780837441;8.36471827272691;0.000444018377691901;7.38226544540146;D19;G1-Z26;NA;Z26;1;NA;plate1;B;B04;0.683246029241136
plate1#D2;74.21;83.74;0.313064532297528;0.223959056396316;0.291239796566464;7.40695013511381;0.00816711885865792;8.70822350690765;D2;B;NA;B;0;NA;plate1;B;B;0.638635458175598
plate1#D20;75.37;82.22;1;1;1;0;0.0199894379431658;6.77183413832528;D20;1;calib;NA;NA;1;plate1;NA;NA;1.00000099354454
plate1#D22;74.87;83.92;0.310048233796488;0.232465667462466;0.271290156530469;6.44754675138355;0.00421529156839161;7.83737364240863;D22;G4-Z30;NA;Z30;4;NA;plate1;F;F04;0.612805873720664
plate1#D23;75.05;83.85;0.290664520863809;0.200601587505698;0.255055995992831;6.11006280124053;0.0035350911784712;7.57939401171376;D23;G1-Z30;NA;Z30;1;NA;plate1;F;F04;0.590943527624631
plate1#D24;75.5;84.42;0.0340415630254595;0.00179142513410911;0.00993527190595819;NA;0.00278996498839458;7.30543642043755;D24;0;calib;NA;NA;0;plate1;NA;NA;0.0562402153329976
plate1#D3;73.97;83.85;0.281639162753279;0.192411139123707;0.244577382329903;4.88512047173466;0.00332180038162394;9.52219907289895;D3;G4-Z09;NA;Z09;4;NA;plate1;A;A02;0.57654252312421
plate1#D4;74.42;83.85;0.206437408891605;0.112327058353278;0.16889825231133;6.34990603557237;0.000950731780614454;8.92556872201864;D4;0.5;calib;NA;NA;0.5;plate1;NA;NA;0.466085717660814
plate1#D5;74.29;83.36;0.394139400494693;0.316463735723389;0.369469474823066;9.75158276999542;0;9.44107585587695;D5;G8-Z13;NA;Z13;8;NA;plate1;E;E02;0.721341556979261
plate1#D6;74.48;83.68;0.252865144268858;0.169458423436213;0.22150549624684;6.85466099526401;0.00892960493738516;8.39670009807508;D6;G8-Z03;NA;Z03;8;NA;plate1;C;C01;0.544364740284538
plate1#D7;74.48;83.6;0.311058783103887;0.22050784271809;0.283538044286458;9.06408224238309;0.00634646722866253;8.34341536995547;D7;G1-Z05;NA;Z05;1;NA;plate1;E;E01;0.628822220840583
plate1#D8;74.35;83.74;0.380113190290518;0.297653390078245;0.361075022227265;8.96163644813441;0.0185480240594639;7.84262355405522;D8;G4-Z04;NA;Z04;4;NA;plate1;D;D01;0.714337360576629
plate1#D9;74.48;83.74;0.356603349587113;0.275785248857621;0.326399517743591;8.52887491426165;0.00732239303845234;7.73875302861719;D9;G4-Z02;NA;Z02;4;NA;plate1;B;B01;0.680187953381224
plate1#E1;73.78;84.42;0.232233044606681;0.134928148113678;0.209194413993139;6.82294854112542;0.0080541529750763;8.7810741934342;E1;G4-Z19;NA;Z19;4;NA;plate1;C;C03;0.52704077416965
plate1#E10;74.5;84.3;0.250798010294244;0.154530271060784;0.213729023860669;6.69347968536042;0;8.33197099630176;E10;G4-Z15;NA;Z15;4;NA;plate1;G;G02;0.53344294055584
plate1#E11;74.56;83.66;0.297389876805269;0.21228293956426;0.263195628767495;8.92182736366587;6.50945705688776e-05;8.14933456185597;E11;G4-Z22;NA;Z22;4;NA;plate1;F;F03;0.601983779844927
plate1#E12;74.48;83.68;0.282237165622829;0.193228697219075;0.248376129682707;8.72603971928675;0.00461942942919851;7.37161027426628;E12;G1-Z30;NA;Z30;1;NA;plate1;F;F04;0.581784484065004
plate1#E13;73.23;83.36;0.293259093669788;0.195818359589377;0.26132590608818;6.98788472356352;0;7.63752755182756;E13;G;NA;G;0;NA;plate1;G;G;0.599460767526435
plate1#E14;74.79;83.36;0.380193850079609;0.297428002873488;0.353537562998553;7.90527368915068;0.00283871494940641;7.243398392864;E14;G8-Z12;NA;Z12;8;NA;plate1;D;D02;0.707600811516411
plate1#E15;74.76;83.36;0.396917724104784;0.332721068032436;0.378360708086066;9.08567328462581;0.00477898511049634;6.94028593008325;E15;G8-Z12;NA;Z12;8;NA;plate1;D;D02;0.728170238047845
plate1#E16;73.44;83.68;0.2936719940762;0.21017568281017;0.259692051909979;8.46160515464689;0.00547529151404861;7.39232145677439;E16;G1-Z16;NA;Z16;1;NA;plate1;H;H02;0.597249461148448
plate1#E17;74.21;84.36;0.213298157806747;0.109232281127083;0.195007865643671;5.59379770748685;0.00818084646713771;7.59625737996685;E17;G4-Z11;NA;Z11;4;NA;plate1;C;C02;0.506651481437795
plate1#E18;74.84;83.74;0.306474399881119;0.222168771277435;0.27665305756482;8.34138612731449;0.00984192157629173;8.43424690384968;E18;G8-Z20;NA;Z20;8;NA;plate1;D;D03;0.619876265928669
plate1#E19;74.76;83.85;0.30347182272229;0.233831214125468;0.274937636982786;6.83612337452514;6.1993069187754e-05;8.57830399054241;E19;G4-Z17;NA;Z17;4;NA;plate1;A;A03;0.617623941323541
plate1#E2;74.79;83.8;0.287672786364918;0.20376113759325;0.255467313141763;7.00321232674711;0.00950755504957053;8.9059057293636;E2;A;NA;A;0;NA;plate1;A;A;0.591504785735147
plate1#E20;74.48;83.66;0.386043012957725;0.313174356954635;0.36625225918682;7.6719052748148;0.0207304876035671;7.99315838189267;E20;G8-Z30;NA;Z30;8;NA;plate1;F;F04;0.718720986561583
plate1#E21;74.84;83.85;0.32076576126357;0.247409739020869;0.294835464229404;7.54489115081393;0.00685194675156196;7.62128590989261;E21;G1-Z06;NA;Z06;1;NA;plate1;F;F01;0.643140413117907
plate1#E22;75.25;83.85;0.329729050175505;0.264363021200053;0.304719075547326;7.31633840928812;0.00160067444290871;7.48131740684465;E22;G4-Z26;NA;Z26;4;NA;plate1;B;B04;0.655248322813869
plate1#E24;75.05;83.85;0.324129755040851;0.241673761234772;0.297714011722226;8.76025314017548;0.0132377118417216;7.69551089324809;E24;G1-Z06;NA;Z06;1;NA;plate1;F;F01;0.64670953745177
plate1#E3;74.21;83.85;0.246178395897158;0.164334778564197;0.215215822114778;7.94739771008655;0.00610349514511512;8.90102668789539;E3;G4-Z27;NA;Z27;4;NA;plate1;C;C04;0.535535325606799
plate1#E4;73.2;83.8;0.233503891028678;0.147422552784646;0.195252613879984;7.26445002233639;0.00610610385573977;8.6732009038952;E4;C;NA;C;0;NA;plate1;C;C;0.507010018295667
plate1#E5;73.41;83.77;0.283176200789994;0.184935641750357;0.249983049465204;7.94424566270696;0;8.25081556284099;E5;G8-Z08;NA;Z08;8;NA;plate1;H;H01;0.583995005370127
plate1#E7;74.27;83.85;0.267801339198314;0.182000913686642;0.230349190491034;6.72104217518368;0;8.74911799797694;E7;G4-Z23;NA;Z23;4;NA;plate1;G;G03;0.556748429546471
plate1#E9;74.42;83.74;0.326404414061281;0.234840848859544;0.304631912056451;7.23956388251701;0;7.98838326789262;E9;G1-Z18;NA;Z18;1;NA;plate1;B;B03;0.655143404862608
plate1#F10;73.47;83.31;0.34240474371731;0.265491725279784;0.319220725508535;7.47091307276812;0;6.82387011592227;F10;G8-Z02;NA;Z02;8;NA;plate1;B;B01;0.672198250411486
plate1#F11;73.89;83.36;0.393337443821067;0.31666216743878;0.37189064976571;6.30891710163197;0.0221443787461037;7.79580729604299;F11;G8-Z04;NA;Z04;8;NA;plate1;D;D01;0.723260988653036
plate1#F12;74.29;83.68;0.288585415295597;0.187710316980065;0.25803064714635;8.6541181269273;0.00185450202891827;7.58688617818395;F12;G1-Z22;NA;Z22;1;NA;plate1;F;F03;0.594994820699415
plate1#F13;73.05;83.36;0.3181300110506;0.218578358287493;0.29125498234831;7.9792651338103;0.00558480406409145;7.85146561798479;F13;G8-Z14;NA;Z14;8;NA;plate1;F;F02;0.63865459018743
plate1#F15;73.84;83.66;0.326979266797644;0.239352043509298;0.304983608931809;8.06947464714027;0.0123224789143221;6.78604515386563;F15;G1-Z21;NA;Z21;1;NA;plate1;E;E03;0.655566528447408
plate1#F16;74.79;83.36;0.474896521180762;0.402679897813387;NA;NA;0.00701722644077781;7.29152569621123;F16;0.75;calib;NA;NA;0.75;plate1;NA;NA;NA
plate1#F17;74.84;83.68;0.305295984157435;0.226267887072658;0.287053919010718;9.08936984868103;0;6.47282603413491;F17;B;NA;B;0;NA;plate1;B;B;0.633328722022939
plate1#F18;74.42;83.85;0.304769700484674;0.218451729824427;0.274004108414092;6.46425905667958;0.00470334529121207;8.49002790986975;F18;G4-Z12;NA;Z12;4;NA;plate1;D;D02;0.616394510114506
plate1#F19;74.84;84.19;0.222185558787252;0.141774967701593;0.18543451655489;5.13294317262175;0;8.57905432464176;F19;G8-Z19;NA;Z19;8;NA;plate1;C;C03;0.492362761872282
plate1#F2;74.79;83.85;0.340174382681453;0.267422296184402;0.315691911702964;5.74424056348148;0.0225245294610265;8.99886330920781;F2;G4-Z05;NA;Z05;4;NA;plate1;E;E01;0.668169891857958
plate1#F20;74.29;83.77;0.297441483579795;0.222824118856406;0.271050320260388;8.2020364809453;0.0107718556169774;8.05010311464757;F20;G1-Z32;NA;Z32;1;NA;plate1;H;H04;0.612487730667011
plate1#F21;74.56;83.85;0.283962554961836;0.219969073733986;0.255610409550952;6.60954038617179;0;6.73084872786476;F21;G4-Z22;NA;Z22;4;NA;plate1;F;F03;0.591699967494659
plate1#F22;74.84;83.85;0.376588322129058;0.305089674867693;0.354938816312384;6.42516022785232;0.026490301566643;7.69875008039465;F22;G4-Z04;NA;Z04;4;NA;plate1;D;D01;0.708884140265477
plate1#F23;74.79;83.85;0.257507571898664;0.168919144349326;0.226719390364389;6.88724145574845;0.0101957249751402;6.83637693946144;F23;G1-Z08;NA;Z08;1;NA;plate1;H;H01;0.551670237674432
plate1#F24;74.6;84.24;0.0739726507868669;0.0293761507503412;0.0457329435102862;3.97440177282933;0.0166479302159286;7.69174492664377;F24;0.25;calib;NA;NA;0.25;plate1;NA;NA;0.178964959304656
plate1#F3;73.94;83.68;0.301156390320311;0.216970425048987;0.27568460139681;7.56304263381731;0.0112115683551319;8.42533597345472;F3;G1-Z13;NA;Z13;1;NA;plate1;E;E02;0.618605794581158
plate1#F4;74.76;83.66;0.400474030076337;0.31932337087123;0.372964758808818;10.1288798498964;0;8.52233106994537;F4;G8-Z04;NA;Z04;8;NA;plate1;D;D01;0.724098085415028
plate1#F5;74.6;83.66;0.317958256242765;0.236632802924311;NA;NA;0.0168234913001003;8.39593382867135;F5;G1-Z09;NA;Z09;1;NA;plate1;A;A02;NA
plate1#F6;74.48;83.66;0.351916481993537;0.255072944069917;0.329153846251743;4.31030654111448;0.0455102644257775;7.84536445342142;F6;G1-Z18;NA;Z18;1;NA;plate1;B;B03;0.683177160215565
plate1#F7;74.39;83.36;0.316534220786742;0.224298018174574;0.292237239138753;9.33635037582398;0.0090698684605613;7.38010105976195;F7;D;NA;D;0;NA;plate1;D;D;0.639890211728519
plate1#F8;74.39;83.68;0.304241049283461;0.214996588894679;0.269726747195716;9.57535245185791;0;7.463716780819;F8;G8-Z06;NA;Z06;8;NA;plate1;F;F01;0.610729136997681
plate1#F9;74.27;83.31;0.400459036531685;0.322767022848369;0.380388001682681;7.72867603663076;0.00392530850448548;7.25811334073695;F9;G8-Z18;NA;Z18;8;NA;plate1;B;B03;0.729643374216107
plate1#G1;74.87;84.24;0.262514591089966;0.16786164308576;0.22270190014266;6.25193401923202;0.0147609003850003;8.66196441947575;G1;G4-Z14;NA;Z14;4;NA;plate1;F;F02;0.546041946636992
plate1#G10;74.79;83.36;0.282164580109027;0.189461004586466;0.245654368199747;7.43912137229;0.0030577089738179;6.94956523869928;G10;G1-Z07;NA;Z07;1;NA;plate1;G;G01;0.578030893868773
plate1#G11;74.5;83.36;0.309091450995992;0.228091341223928;0.279681114465588;6.84005894306615;0.000347815079344372;7.17006320947913;G11;G1-Z21;NA;Z21;1;NA;plate1;E;E03;0.623829753384961
plate1#G12;74.27;83.36;0.309153003105299;0.22491561276682;0.280908625300072;8.16180084181497;0.0154046345664188;7.37292622224342;G12;E;NA;E;0;NA;plate1;E;E;0.625424032015358
plate1#G13;73.29;83.31;0.334636043863578;0.26086765241887;0.311584877141206;8.48009777702608;0.000903050372319429;7.84719607132817;G13;G8-Z25;NA;Z25;8;NA;plate1;A;A04;0.66340168104382
plate1#G14;74.21;83.6;0.326562033175108;0.239604621842545;0.300484160175358;10.1436615012166;0.00380436578294223;7.02861316490265;G14;G4-Z32;NA;Z32;4;NA;plate1;H;H04;0.650111643236068
plate1#G15;73.78;83.8;0.293907149935742;0.204875773673072;0.266824956293654;6.81862041561462;0.00516872542895626;7.60733018970181;G15;G4-Z01;NA;Z01;4;NA;plate1;A;A01;0.606857059694502
plate1#G16;75.13;84.24;0.0357706382804752;0.0071999742654258;0.0150869654008481;NA;0.00335497640289523;7.66248017506032;G16;0;calib;NA;NA;0;plate1;NA;NA;0.0747149334533585
plate1#G17;73.78;83.36;0.388228591451037;0.305385250502539;0.368976431165196;6.60139941062272;0.00315437456270642;7.99609619040714;G17;G8-Z10;NA;Z10;8;NA;plate1;B;B02;0.720945149114617
plate1#G18;74.79;84.24;0.210633909443248;0.129116657747319;0.17511971944679;5.04645200945223;0.0126026489289441;7.98479005966515;G18;G4-Z11;NA;Z11;4;NA;plate1;C;C02;0.476248638016287
plate1#G19;74.6;83.8;0.306767337723274;0.227716307663895;0.280960675100648;6.24577319320096;0.00459773102592211;7.82167828950707;G19;G4-Z28;NA;Z28;4;NA;plate1;D;D04;0.625491524430599
plate1#G2;74.84;84.24;0.250993497693564;0.158047490569356;0.218067550993557;5.2792330651208;0.0160004935177302;9.48088740696102;G2;G4-Z14;NA;Z14;4;NA;plate1;F;F02;0.539541967693302
plate1#G20;73.7;83.8;0.287657465696406;0.210386540669592;0.252761211558982;6.20162812427958;0.00459059568455704;7.08537510063683;G20;G4-Z16;NA;Z16;4;NA;plate1;H;H02;0.58780618911527
plate1#G21;74.7;84.42;0.249539993787091;0.171710244091431;0.216147901211859;5.34373098985304;0.0120203718311661;6.59067835505999;G21;G4-Z15;NA;Z15;4;NA;plate1;G;G02;0.536845736067279
plate1#G22;74.76;84.42;0.264020731617565;0.181783960301501;0.233870805364556;7.12471052168819;0.00890668472265211;7.23687461176214;G22;G4-Z15;NA;Z15;4;NA;plate1;G;G02;0.561666529134215
plate1#G23;74.79;83.85;0.306831824486616;0.228291503755306;0.276362497799696;7.10093230248124;0.00331537870312207;7.89900293167978;G23;G4-Z20;NA;Z20;4;NA;plate1;D;D03;0.619495396068309
plate1#G24;74.56;83.74;0.313034653834204;0.232383945133386;NA;NA;0.0122430872116439;7.53584110835208;G24;G8-Z22;NA;Z22;8;NA;plate1;F;F03;NA
plate1#G3;74.35;84.42;0.215264621879159;0.119361307981113;0.180367716970923;4.46906722965163;0.00603738770377027;7.41386908985333;G3;G4-Z07;NA;Z07;4;NA;plate1;G;G01;0.484553280539098
plate1#G4;74.01;83.85;0.317524848086894;0.232720051970504;0.287741281031977;5.66151994211353;0.0260366662892521;7.47594896199161;G4;G4-Z17;NA;Z17;4;NA;plate1;A;A03;0.634204593997119
plate1#G5;74.76;83.8;0.256964831452445;0.163486856670386;0.208982697174317;6.85451151160995;0.00205699813046136;7.04875614767836;G5;G8-Z27;NA;Z27;8;NA;plate1;C;C04;0.526740952017988
plate1#G6;74.27;83.66;0.358879027595531;0.275504263336143;0.331319632548789;7.17872914120685;0.016922870313112;6.8755906970537;G6;G4-Z26;NA;Z26;4;NA;plate1;B;B04;0.685496830424001
plate1#G7;73.29;83.31;0.407532771978965;0.349626863520392;0.389093309031733;10.4764394980164;0.00439901276123996;6.87394704384173;G7;G8-Z18;NA;Z18;8;NA;plate1;B;B03;0.73563166614438
plate1#G8;74.56;83.74;0.310909335311584;0.223285559600366;0.278316788499044;8.91492021820284;0.00362124873850098;6.77050221373453;G8;G4-Z28;NA;Z28;4;NA;plate1;D;D04;0.622052055809464
plate1#G9;74.76;83.68;0.293061075157951;0.206450663612006;0.268222227247248;7.24143992960194;0.00408711886394065;7.09848298882443;G9;G4-Z25;NA;Z25;4;NA;plate1;A;A04;0.608724329742523
plate1#H1;73.41;83.8;0.319315716518764;0.235463839315382;0.292326014941224;7.02803336182765;0.00673194159772296;8.46888012060429;H1;G1-Z05;NA;Z05;1;NA;plate1;E;E01;0.640001702386431
plate1#H10;73.23;83.31;0.343621894271283;0.247144552876553;0.31920722743839;10.3588840060345;0.010568043905412;7.62085383437418;H10;G8-Z01;NA;Z01;8;NA;plate1;A;A01;0.672182965347994
plate1#H11;73.7;83.85;0.277156416205935;0.193893638248484;0.244159834499752;5.34077462400251;0.00443654609683214;8.16433194769265;H11;G4-Z06;NA;Z06;4;NA;plate1;F;F01;0.575965031601659
plate1#H12;74.1;83.68;0.282513490594189;0.202522580089078;0.256179910499382;9.95360645249376;0.00373645631081867;8.03057048691668;H12;G1-Z08;NA;Z08;1;NA;plate1;H;H01;0.592476352796891
plate1#H13;74.01;83.74;0.2278382269582;0.139725394763676;0.194189594221813;7.06710150557538;0.000156329966523748;7.69402093583591;H13;G1-Z03;NA;Z03;1;NA;plate1;C;C01;0.505450596147414
plate1#H14;74.5;83.36;0.311790789281321;0.231299766242884;0.284181600802187;11.2730052315542;0.00742267424739561;6.85576238902621;H14;G1-Z05;NA;Z05;1;NA;plate1;E;E01;0.629650349460656
plate1#H15;73.78;83.85;0.225938763811163;0.125983632677206;0.187013412778915;7.11399485493379;0.00637713120032998;7.10801187204485;H15;G1-Z19;NA;Z19;1;NA;plate1;C;C03;0.494758509125423
plate1#H16;75.75;83.92;0;0;0;0;0.0104423212970166;7.21404586552037;H16;0;calib;NA;NA;0;plate1;NA;NA;0.0204437800043753
plate1#H18;77.05;84.3;0;0;0;0;0.0161898347912611;7.48739248593353;H18;0;calib;NA;NA;0;plate1;NA;NA;0.0204437800043753
plate1#H19;74.87;83.77;0.356508720830633;0.259822223046626;0.330096695050366;7.58485652761817;0.043127944610672;6.68721069069572;H19;G8-Z32;NA;Z32;8;NA;plate1;H;H04;0.684190370564783
plate1#H2;73.44;83.8;0.308528761777956;0.219131110310583;0.27703336339946;7.40764779419871;0.0229173531194886;8.46101261875068;H2;G1-Z29;NA;Z29;1;NA;plate1;E;E04;0.620374382583518
plate1#H20;74.42;83.85;0.271583708865461;0.192344434069356;0.234911341395459;7.1495390643659;0.00142772333018033;7.19227632453913;H20;G1-Z24;NA;Z24;1;NA;plate1;H;H03;0.56311770492146
plate1#H21;73.41;84.24;0.266667477782708;0.179401449670452;0.240487948671212;6.27347392757428;0.000597541664263127;7.17432641867596;H21;G1-Z23;NA;Z23;1;NA;plate1;G;G03;0.570876460275567
plate1#H22;73.97;83.85;0.344850448439018;0.271052314492956;0.319150043938178;6.26413658522956;0.00448200013319355;6.41827014990587;H22;G4-Z21;NA;Z21;4;NA;plate1;E;E03;0.672118200725774
plate1#H23;74.21;84.3;0.227433507840552;0.143046871730152;0.19512752378794;6.35608135672651;0;7.75801664125878;H23;G4-Z19;NA;Z19;4;NA;plate1;C;C03;0.50682680824167
plate1#H24;74.87;83.85;0.217825328387777;0.120968969610652;0.176710132277427;5.85136791175454;0.0119729969990076;7.53831027919506;H24;G1-Z03;NA;Z03;1;NA;plate1;C;C01;0.47879008531348
plate1#H3;73.57;83.85;0.273692577355993;0.171023807795984;0.237211373375369;5.49256074561574;0.0112885695392733;6.95779615099431;H3;G1-Z24;NA;Z24;1;NA;plate1;H;H03;0.566321767115082
plate1#H4;74.48;83.85;0.226122355366921;0.131925134904459;0.186282662496895;5.54966188303011;0.00826123766260891;6.59415117396125;H4;0.5;calib;NA;NA;0.5;plate1;NA;NA;0.493651813226511
plate1#H5;74.84;83.74;0.295084580202692;0.207630929456521;0.270235082693744;6.54151538139091;0.0144642286314115;6.41580783582985;H5;G1-Z07;NA;Z07;1;NA;plate1;G;G01;0.611405119380395
plate1#H6;74.56;82.3;1;1;1;0;0.0126455923737323;6.58505663053413;H6;1;calib;NA;NA;1;plate1;NA;NA;1.00000099354454
plate1#H7;74.42;83.8;0.282126019650857;0.202654546022606;0.250969007837116;6.03124043815908;0.0060773757823954;7.02585833627195;H7;G1-Z24;NA;Z24;1;NA;plate1;H;H03;0.585349145558995
plate1#H8;73.32;83.66;0.308101394670123;0.216181305872938;0.27690682333224;9.59148309124809;0.00426473908093698;6.76794124623573;H8;G1-Z13;NA;Z13;1;NA;plate1;E;E02;0.620208692733754
plate1#H9;74.42;84.48;0.270360127468182;0.177629454128268;0.234831393354353;4.8938566271317;0;7.66001736301922;H9;G4-Z23;NA;Z23;4;NA;plate1;G;G03;0.563006240997385
plate1#I1;74.84;83.8;0.355828500748886;0.265868080178822;0.339787733024763;8.10144917512739;0.0338582844839338;7.77219592640473;I1;G1-Z20;NA;Z20;1;NA;plate1;D;D03;0.694295916622795
plate1#I10;73.6;83.36;0.331702943350432;0.252447326970827;0.310027135330831;9.12050472660493;0.0317447761499677;7.94043674887733;I10;G1-Z20;NA;Z20;1;NA;plate1;D;D03;0.661571413774752
plate1#I11;74.29;83.68;0.294753667408854;0.204108613598357;0.261771726938257;8.51317494231541;0.00204671208525142;8.6961322721661;I11;G8-Z15;NA;Z15;8;NA;plate1;G;G02;0.600063100827245
plate1#I12;73.81;83.36;0.319179635661681;0.234284700668442;0.30101526312966;9.76963029716868;0.00864942231205544;7.65695883727191;I12;G1-Z12;NA;Z12;1;NA;plate1;D;D02;0.650760159849616
plate1#I13;73.47;83.68;0.311984806201688;0.222113019638417;0.278709487517828;8.39810277213953;0.000860275723506243;7.94755988694669;I13;G1-Z28;NA;Z28;1;NA;plate1;D;D04;0.622564347630348
plate1#I14;74.27;83.92;0.269095157965246;0.176725381302173;0.237437690601298;6.09785775883934;0.0115570791678726;7.47490896751087;I14;G4-Z14;NA;Z14;4;NA;plate1;F;F02;0.566636748684321
plate1#I15;74.21;83.77;0.279125956807913;0.195617874006838;0.24512553304865;9.2747904928496;0;7.04085317816084;I15;G8-Z07;NA;Z07;8;NA;plate1;G;G01;0.577300266607051
plate1#I16;74.79;83.36;0.385315587046554;0.292009671692532;0.364088215928813;9.75259585302263;0.0186504595571171;6.73452713593348;I16;G8-Z10;NA;Z10;8;NA;plate1;B;B02;0.716913377469458
plate1#I17;73.89;83.74;0.369822860018467;0.297104309042015;0.344341662394189;7.16384158477706;0;7.91247507583536;I17;G8-Z04;NA;Z04;8;NA;plate1;D;D01;0.69884183599163
plate1#I18;74.84;83.77;0.312307400456008;0.232361698148372;0.282820622000132;7.50209244236513;0.00353056847793007;7.99040988474584;I18;G8-Z31;NA;Z31;8;NA;plate1;G;G04;0.627897363335183
plate1#I19;74.79;83.85;0.292447240912335;0.205364064832168;0.262285071040682;7.0144497919931;0;7.7124116103837;I19;G4-Z24;NA;Z24;4;NA;plate1;H;H03;0.600756091889912
plate1#I2;74.29;83.74;0.309159860729074;0.222899767754462;0.279491882191155;7.17661671538359;0.00375656120121225;8.53046076584689;I2;G1-Z01;NA;Z01;1;NA;plate1;A;A01;0.623583543682693
plate1#I20;74.76;83.77;0.316442878351588;0.240565896153189;0.290379497626368;6.86177965518391;0.0060154732710584;7.27117611075258;I20;G8-Z28;NA;Z28;8;NA;plate1;D;D04;0.637550159665415
plate1#I21;74.35;83.85;0.307518641622323;0.236275690062926;0.285441596733429;7.49668663563602;0.000535166146918867;7.40490348549661;I21;E;NA;E;0;NA;plate1;E;E;0.631267535465746
plate1#I22;73.57;83.74;0.419258238537076;0.35745115473209;0.402742478322507;5.79331569785697;0.00330141799827285;6.29388751618267;I22;G8-Z05;NA;Z05;8;NA;plate1;E;E01;0.744022250301735
plate1#I23;74.42;83.74;0.321940895119265;0.251541583494432;0.298309516072329;8.20011175278515;0.00573617776080327;7.89730699958785;I23;G1-Z04;NA;Z04;1;NA;plate1;D;D01;0.647443632757653
plate1#I24;74.76;84.42;0.239532717187461;0.158241327836318;0.206243876116264;4.48688233040781;0.00247072378226736;7.9958309012331;I24;G4-Z07;NA;Z07;4;NA;plate1;G;G01;0.522853349321765
plate1#I3;73.29;83.85;0.301646978729432;0.218745071754608;0.270509269985628;6.3471287412575;0;7.30108385305776;I3;G4-Z13;NA;Z13;4;NA;plate1;E;E02;0.611769437560874
plate1#I4;73.66;83.74;0.299345627818696;0.207676842820716;0.267578393742631;7.49679485933618;0;6.80305901213794;I4;G8-Z24;NA;Z24;8;NA;plate1;H;H03;0.607864564440114
plate1#I5;73.6;83.66;0.39738667581945;0.333697247371068;0.377529763255842;8.64462051680046;0.00644781135229132;6.19130038252455;I5;0.75;calib;NA;NA;0.75;plate1;NA;NA;0.727557543333457
plate1#I6;74.76;83.92;0.237154151378617;0.147306964514698;0.203385263577999;4.78260769269943;0.0130806879863902;6.70486033512445;I6;G4-Z03;NA;Z03;4;NA;plate1;C;C01;0.518774596307975
plate1#I7;73.54;83.66;0.320900294088251;0.23797986281277;0.300065288163445;11.231934011495;0;6.70240240587739;I7;G1-Z26;NA;Z26;1;NA;plate1;B;B04;0.649599310485516
plate1#I8;74.29;83.77;0.252935215662317;0.159049304203092;0.21851331692669;5.98423035946979;0.00143096813013517;7.06309702825742;I8;G4-Z27;NA;Z27;4;NA;plate1;C;C04;0.540167649012474
plate1#I9;74.7;82.3;1;1;1;0;0.0318043598458634;7.46661825421625;I9;1;calib;NA;NA;1;plate1;NA;NA;1.00000099354454
plate1#J1;73.66;83.66;0.350291227768393;0.272875813334654;0.323748973457569;7.55087703189663;0.018894480995486;8.06833905448242;J1;G8-Z32;NA;Z32;8;NA;plate1;H;H04;0.677270897933548
plate1#J10;73.7;83.85;0.237533969599373;0.141919869004905;0.200584569935773;6.09709946443402;0.00440569429571494;8.61638849915313;J10;G4-Z03;NA;Z03;4;NA;plate1;C;C01;0.514752935853864
plate1#J11;74.12;83.6;0.296274059519678;0.205886536054505;0.268459160915129;7.65417327345081;0.00734168082441128;6.49265023190763;J11;G1-Z29;NA;Z29;1;NA;plate1;E;E04;0.609040451600878
plate1#J12;74.5;83.31;0.409567731947315;0.334674157466357;0.387791217103937;8.67670195514644;0.00755087734582878;7.4221838370902;J12;0.75;calib;NA;NA;0.75;plate1;NA;NA;0.734769751494648
plate1#J13;73.05;83.66;0.316537926775494;0.226394420573204;0.283681925818179;7.79929322146156;0.00310379798279552;8.24003302224173;J13;G4-Z20;NA;Z20;4;NA;plate1;D;D03;0.629007491733258
plate1#J14;74.97;82.25;1;1;1;0;0.0454600951395262;7.93166574427584;J14;1;calib;NA;NA;1;plate1;NA;NA;1.00000099354454
plate1#J15;74.7;83.77;0.32849652670022;0.240181573047983;0.296725958122584;6.74726783934701;0.000270695599462939;7.45948549163405;J15;G4-Z05;NA;Z05;4;NA;plate1;E;E01;0.645488278108311
plate1#J16;74.01;83.85;0.132259900465317;0.0418349914615806;0.0859903379880554;4.2142540445949;0.00587896276631578;6.82321286361236;J16;0.25;calib;NA;NA;0.25;plate1;NA;NA;0.291294310154762
plate1#J17;74.29;83.74;0.28562346336596;0.195218435018057;0.261578049547648;6.26480813663612;0.000328598892132348;7.42238853704123;J17;F;NA;F;0;NA;plate1;F;F;0.599801486224567
plate1#J18;73.08;82.86;NA;NA;NA;0;NA;1.15951701034589;J18;H2O;control;NA;NA;NA;plate1;NA;NA;NA
plate1#J19;76.98;84.3;0;0;NA;0;0.012162005980029;7.99818747952854;J19;0;calib;NA;NA;0;plate1;NA;NA;NA
plate1#J2;73.54;83.68;0.381333506904799;0.303483971825299;0.360106620965792;8.28563455650201;0.0301463796303715;8.58559659366087;J2;G8-Z29;NA;Z29;8;NA;plate1;E;E04;0.713495053847752
plate1#J20;74.5;84.3;0.070397488074162;0.0135439690339444;0.0356925879377679;4.07283227404176;0;7.95385044952849;J20;0.25;calib;NA;NA;0.25;plate1;NA;NA;0.146409915841969
plate1#J21;74.84;83.85;0.278736069316053;0.19621438931465;0.254449465802532;8.84169927175066;0.0155875161739601;7.0569421231705;J21;H;NA;H;0;NA;plate1;H;H;0.590115286689454
plate1#J22;74.84;83.85;0.310234136362179;0.240536181694123;0.283057085593761;6.89141828320277;0.00358296267071691;7.46168032994807;J22;G4-Z28;NA;Z28;4;NA;plate1;D;D04;0.628202392324538
plate1#J23;74.79;83.85;0.356339430740477;0.282457267903645;0.331884928583723;6.6772427507919;0.0226493924713254;7.18887251881202;J23;G4-Z10;NA;Z10;4;NA;plate1;B;B02;0.686097755923389
plate1#J24;74.84;83.85;0.229254191315723;0.14430481665044;0.191489868098788;5.21128595942662;0.01656274426293;7.32917313612623;J24;0.5;calib;NA;NA;0.5;plate1;NA;NA;0.501463439256096
plate1#J3;74.79;83.68;0.287986947907385;0.200432262193991;0.255522482987051;6.93081877110586;0.00828958813058644;8.53989151106736;J3;G1-Z14;NA;Z14;1;NA;plate1;F;F02;0.591580041570461
plate1#J5;74.29;83.85;0.309221594446371;0.226308475733499;0.278959180458172;8.7100689373689;0.00897545817374467;6.93102943632244;J5;G4-Z12;NA;Z12;4;NA;plate1;D;D02;0.622889826557875
plate1#J6;73.97;83.85;0.140618756799243;0.060144497799458;0.102033452842574;5.66859841382498;0.0270764685438932;7.20182103646922;J6;0.25;calib;NA;NA;0.25;plate1;NA;NA;0.330405481099113
plate1#J7;73.54;83.6;0.294683661122907;0.213726689675951;0.266976531270438;6.71403115304533;0.0277869302685698;7.37704548564755;J7;G1-Z32;NA;Z32;1;NA;plate1;H;H04;0.607059865664861
plate1#J8;73.6;83.77;0.225211836874435;0.129944298509727;0.195322733236258;6.30008539560199;0.00806536087448325;7.04718657282763;J8;C;NA;C;0;NA;plate1;C;C;0.50711268310273
plate1#J9;74.76;83.68;0.291128577759325;0.202708600537025;0.259875355228547;7.67713222547892;0.015227262907471;8.25623976751164;J9;G4-Z25;NA;Z25;4;NA;plate1;A;A04;0.597497847124904
plate1#K11;74.48;83.6;0.271170623396543;0.18749965173159;0.235957595342216;6.85502960031214;0.00191117530310119;6.21479018767256;K11;H;NA;H;0;NA;plate1;H;H;0.564575838612252
plate1#K12;74.7;83.66;0.263831018294411;0.170334617157808;0.234449599768279;9.01457252278392;0.00266541580308054;7.65803493794327;K12;G8-Z08;NA;Z08;8;NA;plate1;H;H01;0.562473861385217
plate1#K13;74.35;83.36;0.326805422927178;0.252991485056454;0.299750289601725;10.339304871808;0.0110126467104367;8.17334924701658;K13;G8-Z26;NA;Z26;8;NA;plate1;B;B04;0.64921353167285
plate1#K14;74.35;83.74;0.298806455120146;0.208940230097142;0.273408103291954;5.95257871794608;0.00860426480555834;7.96072725522714;K14;G8-Z17;NA;Z17;8;NA;plate1;A;A03;0.615608241799337
plate1#K15;74.76;83.36;0.420450888342949;0.340630539448662;0.398578849769467;8.73823820890422;0.000211284303746863;7.62180102436075;K15;G8-Z05;NA;Z05;8;NA;plate1;E;E01;0.741580138141869
plate1#K16;73.41;83.66;0.302018072247987;0.209690899347724;0.274170229916105;6.71926584392294;0.0142945179052892;7.87077269818124;K16;A;NA;A;0;NA;plate1;A;A;0.61661347660173
plate1#K17;74.79;83.8;0.349227975900325;0.264978067951448;0.323588646623251;7.96304077800243;0.00682172543913339;8.15024566238449;K17;G4-Z10;NA;Z10;4;NA;plate1;B;B02;0.677093198354991
plate1#K18;74.42;83.92;0.130936627121762;0.0515470375410742;0.0945361442914585;5.59338774604134;0.0168876782814677;7.90196158771199;K18;0.25;calib;NA;NA;0.25;plate1;NA;NA;0.312402606553183
plate1#K19;74.79;83.85;0.255151040483591;0.172677431965284;0.229226135094541;4.98470751951402;0.00633597107826436;7.4699917324643;K19;G4-Z06;NA;Z06;4;NA;plate1;F;F01;0.555178108012314
plate1#K2;73.6;83.74;0.323151385628731;0.23967290832955;0.294770622518457;7.2042677852792;0.0449210130239477;9.07552618217091;K2;E;NA;E;0;NA;plate1;E;E;0.643059627163075
plate1#K20;73.54;83.8;0.312333134545205;0.223345777680172;0.285777214486151;7.19433805351383;0.0138910186464375;7.0144831923558;K20;G4-Z13;NA;Z13;4;NA;plate1;E;E02;0.63169735293812
plate1#K21;74.76;83.85;0.287868938006097;0.209358025625319;0.258203423488838;6.745241395359;0.0100645625610191;8.30911398928819;K21;G1-Z25;NA;Z25;1;NA;plate1;A;A04;0.595229567217019
plate1#K22;74.79;83.85;0.229626795858796;0.143796897002819;0.195213642964403;6.82235568225476;0.0283603219758023;7.84454262681543;K22;G1-Z11;NA;Z11;1;NA;plate1;C;C02;0.50695294881142
plate1#K23;75.13;83.85;0.329953010138453;0.241467427999679;0.299541792461714;7.56424295588461;0.0168931592876576;7.97759369510148;K23;G4-Z05;NA;Z05;4;NA;plate1;E;E01;0.648957951750423
plate1#K3;74.76;83.85;0.220003396403693;0.126878546654723;0.181787101322075;5.35113879757882;0.0109131571538006;9.64226553406976;K3;C;NA;C;0;NA;plate1;C;C;0.486760532893168
plate1#K4;74.42;83.8;0.318966005909776;0.240813095471426;0.293872533336663;7.4238304724275;0.0215021537634009;9.26361304082583;K4;G4-Z13;NA;Z13;4;NA;plate1;E;E02;0.64193897102405
plate1#K6;73.41;83.77;0.321459344973265;0.233994942557461;0.290951907283413;5.75270634011772;0.00245442019964322;8.90193145694004;K6;G4-Z29;NA;Z29;4;NA;plate1;E;E04;0.638272589818731
plate1#K7;74.79;83.66;0.383453108029403;0.295840641903515;0.360929417199584;8.69497675657233;0.00312170908806384;7.4127099684588;K7;G8-Z21;NA;Z21;8;NA;plate1;E;E03;0.71421115906134
plate1#K9;74.39;83.85;0.240966157909855;0.152385071235256;0.208044590616773;6.39487962750287;0.0410697490748637;6.72687300508619;K9;G1-Z27;NA;Z27;1;NA;plate1;C;C04;0.525411317399757
plate1#L1;73.72;83.85;0.277039944832762;0.190409335120435;0.243300948954494;6.98739189697489;0.0106478364092613;9.01776291822935;L1;G4-Z16;NA;Z16;4;NA;plate1;H;H02;0.574776378130382
plate1#L10;74.6;83.66;0.289159014443738;0.201505307328578;0.258850091488814;9.76448674634005;0.00647087460616283;6.51444982607333;L10;F;NA;F;0;NA;plate1;F;F;0.596107610272591
plate1#L11;74.48;83.36;0.317558272341557;0.222789918516721;0.286540618304217;8.16083640011841;0.00601126826630934;6.92229868669181;L11;G8-Z25;NA;Z25;8;NA;plate1;A;A04;0.632673531310648
plate1#L12;74.63;82.25;1;1;1;0;0.0237990777453207;7.75278169742216;L12;1;calib;NA;NA;1;plate1;NA;NA;1.00000099354454
plate1#L14;74.21;83.66;0.301748249790766;0.218426768767899;0.282343807659968;8.9941169709771;0.019961611097944;7.12979407599382;L14;G8-Z23;NA;Z23;8;NA;plate1;G;G03;0.627281713232032
plate1#L15;74.63;83.85;0.247153929351893;0.153208515959235;0.214083318074625;6.44925258757125;0.00288285478311524;7.27072657539799;L15;G8-Z03;NA;Z03;8;NA;plate1;C;C01;0.533941796154684
plate1#L16;74.84;83.85;0.277835892584252;0.191334613585781;0.251976187501484;6.189757550242;0.00999302506134636;7.5390580274398;L16;G8-Z16;NA;Z16;8;NA;plate1;H;H02;0.586730665353001
plate1#L17;74.35;84.3;0.237223894382852;0.146338332581663;0.19906617784078;5.19490964789042;0;7.12874987134474;L17;G4-Z07;NA;Z07;4;NA;plate1;G;G01;0.51256038899757
plate1#L18;74.79;83.68;0.330070593929544;0.238593032428911;0.307615938114814;9.00589619870748;0.0147582209060498;6.63158953148663;L18;G1-Z02;NA;Z02;1;NA;plate1;B;B01;0.658715456016855
plate1#L19;73.94;83.8;0.284348280128243;0.186949069402317;0.258389388128849;7.99609116491311;0;7.07486038611094;L19;G1-Z31;NA;Z31;1;NA;plate1;G;G04;0.595482161175948
plate1#L20;74.79;83.85;0.237750444468764;0.14910552693617;0.209017895159942;6.52142517967083;0.026512102060036;8.51559570802304;L20;0.5;calib;NA;NA;0.5;plate1;NA;NA;0.526790803893032
plate1#L21;74.84;83.77;0.323151764943005;0.238958439513056;0.298515543754161;8.84681143500776;0.000937236636441956;8.62380329991023;L21;G4-Z32;NA;Z32;4;NA;plate1;H;H04;0.647697262666129
plate1#L22;74.79;83.74;0.319231861019716;0.243964583596522;0.297912744752256;9.80194769276734;0.0152742585553281;8.31258807448623;L22;G1-Z21;NA;Z21;1;NA;plate1;E;E03;0.646954686322143
plate1#L23;74.21;83.8;0.337394260525314;0.255325716364324;0.313915973666792;7.72534161425484;0.0172030118197714;7.92994611325745;L23;G1-Z02;NA;Z02;1;NA;plate1;B;B01;0.666118394695041
plate1#L24;76.27;82.22;1;1;1;0;0.0176375733788918;7.33827084529528;L24;1;calib;NA;NA;1;plate1;NA;NA;1.00000099354454
plate1#L3;74.6;83.85;0.289888904512846;0.195663947638112;0.258732012746535;7.44863582469432;0;9.85308781278532;L3;G8-Z06;NA;Z06;8;NA;plate1;F;F01;0.595947350639517
plate1#L4;73.7;83.66;0.301074077009069;0.198535463422867;0.27022560539375;7.35254998167501;0.0201281674761729;9.33776168154519;L4;G1-Z07;NA;Z07;1;NA;plate1;G;G01;0.611392522994144
plate1#L5;74.18;83.85;0.269293669701205;0.183060801480141;0.233154129110855;6.058326641547;0.00795930284263635;6.53118330060331;L5;G4-Z31;NA;Z31;4;NA;plate1;G;G04;0.560666465960205
plate1#L6;74.35;83.85;0.0759815436319073;0.0152904160863256;0.0430741944500413;4.78304248714459;0.0212005508109502;9.14066575449536;L6;0.25;calib;NA;NA;0.25;plate1;NA;NA;0.170539115378809
plate1#L7;73.29;83.31;0.439124042990074;0.356899118125277;0.424390912583043;6.620876071499;0.0212695418904386;6.94876935444458;L7;0.75;calib;NA;NA;0.75;plate1;NA;NA;0.755398351285696
plate1#L8;74.76;83.85;0.292767443151553;0.199761832281591;0.254297755353917;6.51643938323261;0.0172618772392363;6.28215404015921;L8;G4-Z09;NA;Z09;4;NA;plate1;A;A02;0.589908008112709
plate1#L9;74.1;83.66;0.263282517279678;0.17684233231106;0.247025251483084;6.8336918140313;0;5.48031382475532;L9;G8-Z08;NA;Z08;8;NA;plate1;H;H01;0.579922923889526
plate1#M1;73.84;84.3;0.250510031350417;0.147099481256694;0.213837564604443;6.83005382529012;0.0171410818215917;9.22434581102868;M1;G4-Z03;NA;Z03;4;NA;plate1;C;C01;0.533595786578306
plate1#M10;74.21;83.66;0.412612754792961;0.353790786254542;0.393174103763539;10.1465024302308;0;6.25542390228139;M10;G8-Z05;NA;Z05;8;NA;plate1;E;E01;0.738259957918235
plate1#M11;74.56;83.74;0.230011463629731;0.126537722636644;0.194227661414434;6.51291709789467;0.0258541144125221;7.24916407393922;M11;G1-Z03;NA;Z03;1;NA;plate1;C;C01;0.505506538671353
plate1#M12;73.54;83.66;0.292066793334769;0.182227183065138;0.258921903052285;10.2700204007765;0.00962674388527703;7.45989991668456;M12;G1-Z31;NA;Z31;1;NA;plate1;G;G04;0.596205060089211
plate1#M13;73.41;83.85;0.248064138034311;0.139099913157714;0.205962968903393;5.70914069278411;0.0163646716107637;7.72270554631118;M13;G4-Z08;NA;Z08;4;NA;plate1;H;H01;0.522453574151521
plate1#M14;73.66;83.68;0.281615108413427;0.181821147283638;0.247062148646818;6.33307203125143;0.00766998571203639;7.20005587165385;M14;G1-Z14;NA;Z14;1;NA;plate1;F;F02;0.579973807842898
plate1#M15;73.57;83.68;0.373454383408197;0.291757577654715;0.351528679807655;7.34459866167633;0.0173024236088909;7.03234050945538;M15;G4-Z04;NA;Z04;4;NA;plate1;D;D01;0.705736877347205
plate1#M17;73.72;83.66;0.294450060472114;0.21142348577964;0.246764362942283;5.03998482036571;0.00429774846613484;7.11925342165139;M17;G4-Z30;NA;Z30;4;NA;plate1;F;F04;0.579563078754932
plate1#M18;74.76;83.68;0.326939145289121;0.241720868722134;0.297655525384567;6.91044424475265;0.00692203678746739;6.35590305966799;M18;G8-Z32;NA;Z32;8;NA;plate1;H;H04;0.646637359729999
plate1#M2;73.89;83.85;0.0895195704238476;0.0231818286430475;0.0531664246346387;5.88402842437094;0.0410333336586933;9.28380857491764;M2;0.25;calib;NA;NA;0.25;plate1;NA;NA;0.201770316740007
plate1#M20;74.48;83.85;0.247623198515984;0.149994839144585;0.219150968744211;6.45941985295737;0.0155482686336711;8.59328048248233;M20;G8-Z11;NA;Z11;8;NA;plate1;C;C02;0.54106244138831
plate1#M21;73.81;83.8;0.302565092570744;0.2276942624362;0.276295976531413;7.18938975024659;0;8.50501172200898;M21;G8-Z20;NA;Z20;8;NA;plate1;D;D03;0.619408162549766
plate1#M22;73.7;83.85;0.307609193114064;0.225365982079153;0.276983656875353;7.16328814926761;0.00606096073199337;7.98593605824515;M22;G4-Z25;NA;Z25;4;NA;plate1;A;A04;0.620309303455187
plate1#M23;73.89;83.8;0.369447875471401;0.303415813724506;0.344067152677204;5.74479306129998;0.00832900535725751;7.27969824610772;M23;G8-Z29;NA;Z29;8;NA;plate1;E;E04;0.698571622563854
plate1#M24;73.78;83.85;0.335966616811895;0.273987642606533;0.313738922690664;9.66004657342133;0.0151867338358803;7.50911200819222;M24;G1-Z10;NA;Z10;1;NA;plate1;B;B02;0.665913001781413
plate1#M3;74.76;83.85;0.291759143309006;0.209952636633998;0.261448971447735;5.63104403616716;0.00969031324119377;9.35023302971446;M3;G1-Z22;NA;Z22;1;NA;plate1;F;F03;0.599627082668071
plate1#M4;73.47;83.85;0.303109400358128;0.22642845673001;0.259100400530723;8.33424163520149;0.0108732263583122;9.28905182670373;M4;G4-Z30;NA;Z30;4;NA;plate1;F;F04;0.596447236450019
plate1#M5;74.39;83.74;0.2565313718979;0.171460966789182;0.228760991230217;7.17539713429747;0.0247297605270465;9.85782913326399;M5;G8-Z11;NA;Z11;8;NA;plate1;C;C02;0.554527476956903
plate1#M7;74.79;83.68;0.311328418041215;0.222304140411934;0.277981057759653;8.70182682441823;0.0135814085968848;7.35498343011163;M7;G1-Z17;NA;Z17;1;NA;plate1;A;A03;0.621613693692425
plate1#M8;74.27;83.36;0.35436831263632;0.283763056691701;0.325861123860747;5.75481976423691;0.0344312331957257;5.94554383621192;M8;G8-Z28;NA;Z28;8;NA;plate1;D;D04;0.679598605524168
plate1#M9;74.76;83.66;0.290248959653204;0.195441909933345;0.261224843335785;8.16986269736021;0.00543016670787888;5.83542160360322;M9;A;NA;A;0;NA;plate1;A;A;0.599324161553434
plate1#N1;74.79;83.85;0.280606008727139;0.193905147197269;0.248750980957652;7.62547025465706;0.0202395264368839;9.46805211081661;N1;G1-Z32;NA;Z32;1;NA;plate1;H;H04;0.58230052263516
plate1#N10;74.27;83.85;0.226266242123308;0.13429158854307;0.185367777543251;4.55011030284816;0;6.35921109243438;N10;G8-Z19;NA;Z19;8;NA;plate1;C;C03;0.492261117395646
plate1#N11;74.48;83.85;0.227694282301602;0.129945113792599;0.19086121056028;6.48588075462386;0.0282434059984867;7.4194493325526;N11;G1-Z27;NA;Z27;1;NA;plate1;C;C04;0.500529165346901
plate1#N12;74.79;83.85;0.177157318381801;0.0856491094761505;0.137753654322177;5.50607993122267;0.00919292848323149;7.63914867404036;N12;0.5;calib;NA;NA;0.5;plate1;NA;NA;0.409108292004174
plate1#N13;74.27;83.66;0.322436457070647;0.23584646034058;0.293919771814719;9.707420102757;0.00869354801928717;7.67876920511925;N13;G1-Z17;NA;Z17;1;NA;plate1;A;A03;0.641997996428028
plate1#N14;74.42;83.85;0.225928522652396;0.139667146583308;0.196169999006159;7.31172055614783;0.00369833321841802;7.46151791498684;N14;G1-Z19;NA;Z19;1;NA;plate1;C;C03;0.508351313991795
plate1#N15;74.18;83.66;0.28863123932658;0.203284199976841;0.25774294576423;6.90579999563194;0.0149679246677519;7.18076442057145;N15;G;NA;G;0;NA;plate1;G;G;0.594603788121553
plate1#N16;75.25;82.25;1;1;1;0;0.0528862822402809;7.2999216806589;N16;1;calib;NA;NA;1;plate1;NA;NA;1.00000099354454
plate1#N17;73.72;83.68;0.293134641158696;0.206796513102845;0.263084342179685;7.26377535223271;0.00705232703480407;6.20971117111195;N17;G8-Z16;NA;Z16;8;NA;plate1;H;H02;0.601833839730322
plate1#N18;76.9;84.24;0.0303314726879278;-0.00114841160889864;0.00687102626007028;NA;0.01851713409644;6.78903108165749;N18;0;calib;NA;NA;0;plate1;NA;NA;0.0452138436935283
plate1#N19;74.76;83.8;0.372641535435546;0.28478446350508;0.347145981221949;7.95758762439856;0.0223423211210922;8.58645830861522;N19;G4-Z04;NA;Z04;4;NA;plate1;D;D01;0.701573691169553
plate1#N2;73.41;83.85;0.319193035799427;0.224998297708904;0.285005376631991;7.17830411314295;0.0293849236354335;9.60541693110995;N2;G4-Z17;NA;Z17;4;NA;plate1;A;A03;0.630708283803459
plate1#N20;74.79;83.85;0.0718809964646266;0.0222063269697682;0.0400188587519875;4.99706477017561;0.0559823099955837;8.68331418307658;N20;0.25;calib;NA;NA;0.25;plate1;NA;NA;0.160680240897986
plate1#N21;73.81;83.74;0.317356531377775;0.245021895669321;0.292401631625587;8.5678518666032;0.00429604834673995;8.72950799616668;N21;G8-Z31;NA;Z31;8;NA;plate1;G;G04;0.640096642741649
plate1#N23;74.79;83.85;0.293314225561475;0.213867343014923;0.266999439463355;7.59073169771132;0.00737034035341851;7.50174406041574;N23;G1-Z15;NA;Z15;1;NA;plate1;G;G02;0.607090511461363
plate1#N24;74.79;83.85;0.308915463362404;0.236566183444945;0.280691011976747;6.90592935789185;0.0187795659703646;7.22318346303778;N24;G1-Z28;NA;Z28;1;NA;plate1;D;D04;0.625141758317403
plate1#N3;73.29;83.8;0.29444052943728;0.191782253608084;0.267823640459697;6.33511384997862;0.0241070327514851;9.58923809038362;N3;G8-Z09;NA;Z09;8;NA;plate1;A;A02;0.608192191720838
plate1#N5;73.12;83.66;0.313713055413833;0.212638023012641;0.284272806043775;7.53325071788671;0.0214843331613537;9.61352946138924;N5;G1-Z06;NA;Z06;1;NA;plate1;F;F01;0.629767596346927
plate1#N6;74.7;83.68;0.416415987437579;0.335781169839802;0.39305219746127;7.4385903645804;0.0247042403927675;9.82514727983731;N6;G4-Z18;NA;Z18;4;NA;plate1;B;B03;0.738183002194946
plate1#N7;74.27;83.6;0.33565349118979;0.244141982614297;0.308376765018571;8.53727461150659;0.0375061116525939;8.39821126341845;N7;G1-Z12;NA;Z12;1;NA;plate1;D;D02;0.659619595408233
plate1#N9;73.35;83.36;0.407210631851373;0.328608466762117;0.388374503641289;9.24766301084247;0.0392346094314111;6.54228872330671;N9;G8-Z12;NA;Z12;8;NA;plate1;D;D02;0.735157283118022
plate1#O1;74.56;83.8;0.289762658008649;0.197727615894952;0.260244399599097;7.79854915878343;0.0393764522575519;9.70101030768815;O1;G1-Z08;NA;Z08;1;NA;plate1;H;H01;0.597997695881142
plate1#O11;79.26;83.8;0;0;0;0;NA;1.02368433366516;O11;H2O;control;NA;NA;NA;plate1;NA;NA;0.0204437800043753
plate1#O12;74.76;83.6;0.405784852016861;0.320907496231545;0.380335698404213;9.7542114290218;0.0202852188489548;8.06505364750363;O12;G8-Z13;NA;Z13;8;NA;plate1;E;E02;0.729605751229283
plate1#O13;73.66;83.74;0.310193845888359;0.219917628932;0.27859026163933;7.49105910413578;0.00082397035620666;8.34135833717964;O13;G8-Z14;NA;Z14;8;NA;plate1;F;F02;0.62240886449338
plate1#O14;74.39;83.68;0.290041548251884;0.199690685408799;0.263364866185999;7.63255972925504;0.045250566821825;7.70354427997903;O14;G;NA;G;0;NA;plate1;G;G;0.602211742281885
plate1#O15;73.44;83.85;0.284176033925288;0.192950871888748;0.253075061590909;6.79382187896744;0.0281019447135442;8.15844303454759;O15;G4-Z31;NA;Z31;4;NA;plate1;G;G04;0.588235862047009
plate1#O16;74.84;83.85;0.261521495878355;0.17563076466481;0.229781612844183;6.1860643833866;0.0102210341603598;8.07328710912478;O16;G8-Z27;NA;Z27;8;NA;plate1;C;C04;0.555954914488883
plate1#O17;73.72;83.74;0.291678920708785;0.202799715590609;0.261523129985505;6.78671303164919;0.0149355358025617;6.97447011375908;O17;G1-Z16;NA;Z16;1;NA;plate1;H;H02;0.599727286484113
plate1#O18;73.84;83.74;0.355710945104477;0.277179317121003;0.332399125153144;8.66854618045723;0.0426543619389174;6.61202431977049;O18;G8-Z26;NA;Z26;8;NA;plate1;B;B04;0.686642714911411
plate1#O19;73.78;83.8;0.327628615297164;0.244557779425295;0.300935892105289;7.42770930563631;0.00727755581322879;8.44952857331201;O19;B;NA;B;0;NA;plate1;B;B;0.650663319493134
plate1#O21;73.89;83.85;0.27633540634819;0.180005351166817;0.249023474860749;7.01342124560878;0.00854281336078495;8.62090348029897;O21;G1-Z31;NA;Z31;1;NA;plate1;G;G04;0.582675506122892
plate1#O22;74.87;83.85;0.336449190172469;0.260466393306536;0.308462082474871;7.45592843447862;0.0309519718258573;7.95777741689333;O22;G1-Z17;NA;Z17;1;NA;plate1;A;A03;0.6597208136469
plate1#O23;74.18;83.28;0.321398350848471;0.325529665184799;0.276962275597777;8.26612993534982;0.0194035580047235;7.62250002017971;O23;G8-Z17;NA;Z17;8;NA;plate1;A;A03;0.620281307289719
plate1#O24;74.97;83.85;0.376187365358883;0.305053410548418;0.358247904932567;7.10654417365776;0.0241095756845569;7.20599095174428;O24;G8-Z25;NA;Z25;8;NA;plate1;A;A04;0.711858986808462
plate1#O3;75.78;84.36;0;0;0;0;0.0271481389045079;9.50039914079515;O3;0;calib;NA;NA;0;plate1;NA;NA;0.0204437800043753
plate1#O5;74.76;83.74;0.303519953600394;0.210885751915488;0.272611400439299;7.98061040850285;0.0358792972190599;9.13338708064141;O5;G8-Z23;NA;Z23;8;NA;plate1;G;G03;0.614555590608473
plate1#O6;73.14;83.85;0.301368328684479;0.215095339069451;0.272368768181374;7.4406647503759;0.0343088848741952;9.32692218116422;O6;G4-Z24;NA;Z24;4;NA;plate1;H;H03;0.614234646655146
plate1#O7;74.7;83.85;0.235122623232985;0.154584130610471;0.202235949201106;6.12520581158835;0.033536724552129;8.92191172058036;O7;G1-Z19;NA;Z19;1;NA;plate1;C;C03;0.517127560552553
plate1#O9;74.76;83.66;0.306266925719238;0.215365886598348;0.277292021233444;8.12186045112612;0.0472425510179524;7.61205750383722;O9;G8-Z16;NA;Z16;8;NA;plate1;H;H02;0.620712910915714
plate1#P11;74.76;83.85;0.301457749912701;0.215606484262031;0.277466852043586;7.1699221321649;0.00682134255311481;9.25994711166661;P11;G1-Z18;NA;Z18;1;NA;plate1;B;B03;0.620941609362856
plate1#P12;76.18;84.24;0;0;0;0;0.0213083653954638;9.17055542353652;P12;0;calib;NA;NA;0;plate1;NA;NA;0.0204437800043753
plate1#P13;73.7;83.8;0.331379762211404;0.238043827141725;0.303223504565461;7.59715549586895;0.00515418096574464;9.19334623286557;P13;G4-Z21;NA;Z21;4;NA;plate1;E;E03;0.653443372681017
plate1#P14;73.6;83.85;0.257378667003782;0.155690588630937;NA;NA;0.0586399713991111;7.85883975053638;P14;0.5;calib;NA;NA;0.5;plate1;NA;NA;NA
plate1#P15;74.29;83.68;0.311669989424139;0.221046990140612;NA;NA;0.00974913834168826;7.46735408170212;P15;G8-Z22;NA;Z22;8;NA;plate1;F;F03;NA
plate1#P16;74.91;83.36;0.428622586709278;0.369570819326556;0.410560841091501;12.4019829640507;0.0145083957729796;7.22951114801485;P16;0.75;calib;NA;NA;0.75;plate1;NA;NA;0.748364026858443
plate1#P17;73.47;83.68;0.29922536468821;0.209719893767044;0.274245334251094;8.57129977116797;0.0102906321810634;7.47398556884434;P17;G1-Z16;NA;Z16;1;NA;plate1;H;H02;0.616712445647042
plate1#P18;73.44;83.85;0.358304002233185;0.276755776398024;0.347253206287902;8.2705871025741;0.00799954825924926;9.00022209703863;P18;G4-Z10;NA;Z10;4;NA;plate1;B;B02;0.701677103806799
plate1#P19;73.72;83.85;0.303913727839002;0.21525836909995;0.270876826654477;6.42969326405377;0.00446536136884261;8.27987772938214;P19;G8-Z06;NA;Z06;8;NA;plate1;F;F01;0.612257490964338
plate1#P20;73.6;83.85;0.386968797870577;0.30559760390248;0.367345873407886;5.68978672848416;0.00931425227692442;7.7140355487473;P20;0.75;calib;NA;NA;0.75;plate1;NA;NA;0.719620781130081
plate1#P21;74.79;83.85;0.284004421219257;0.205317924641195;0.254777547757179;7.32368265681176;0.00742326958229005;7.64519015891526;P21;G1-Z14;NA;Z14;1;NA;plate1;F;F02;0.590563384853997
plate1#P22;73.78;84.42;0.28774322563925;0.204388032408941;0.253311153066331;5.82112548537212;0.0253686625258951;7.93262179833981;P22;G4-Z23;NA;Z23;4;NA;plate1;G;G03;0.588558959304571
plate1#P23;74.79;84.3;0.275311643319512;0.190135054051414;0.24071949205102;4.95121391362639;0.0109976455674155;7.69699309362145;P23;G4-Z01;NA;Z01;4;NA;plate1;A;A01;0.571197849772794
plate1#P24;74.91;83.74;0.476777161382752;0.400886325190229;0.46721209442182;8.8687072520753;0.0166455171723409;7.60736967318181;P24;0.75;calib;NA;NA;0.75;plate1;NA;NA;0.774397852458631
plate1#P3;73.84;83.8;0.325439139910145;0.23391413806252;0.302347628114567;7.59172951532056;0.035808860833586;9.82008019329824;P3;G1-Z12;NA;Z12;1;NA;plate1;D;D02;0.652381671946081
plate1#P4;74.5;83.85;0.302843464734004;0.217397126794769;0.273603278132646;7.42829931752013;0.00561286794165193;9.12911966051479;P4;G8-Z15;NA;Z15;8;NA;plate1;G;G02;0.615865837083628
plate1#P5;74.39;83.92;0.273027062332528;0.184356749130617;0.236164407362163;5.28154089721115;0.00285647896371235;8.66760070641449;P5;G4-Z09;NA;Z09;4;NA;plate1;A;A02;0.564863940739584
plate1#P6;74.79;83.85;0.275507305207894;0.185922005498195;0.240509434523997;7.71720932940391;0.0325125059724263;8.56650147146522;P6;H;NA;H;0;NA;plate1;H;H;0.570906286075386
plate1#P7;74.79;83.85;0.286062707993327;0.19941472691012;0.257918829195025;7.50198407920576;0.00578164769396212;9.56445159733957;P7;G8-Z20;NA;Z20;8;NA;plate1;D;D03;0.594842862884424
